,step,elapsed_tokens,elapsed_examples,training_loss,training_sequence_accuracy,training_token_accuracy,validation_loss,validation_sequence_accuracy,validation_token_accuracy,classification/accuracy,classification/weighted_f1_score
0,1,49,1,0.2004225967118206,0.0,0.0,0.1287111814816792,0.0,0.0,,
1,2,114,2,0.1683521742175799,0.0,0.0,,,,,
2,3,179,3,0.1677674542949535,0.0,0.0,,,,,
3,4,212,4,0.1676511596096679,0.0,0.0,,,,,
4,5,261,5,0.1262011706829071,0.0,0.0,,,,,
5,6,342,6,0.0443198968619108,0.0,0.0,,,,,
6,7,383,7,0.0684946049302816,1.0,1.0,,,,,
7,8,440,8,0.0725009018874594,0.0,0.0,,,,,
8,9,497,9,0.0562006946014506,1.0,1.0,0.0553578860099826,1.0,1.0,,
9,10,538,10,0.0618549225330352,1.0,1.0,,,,,
10,11,571,11,0.2031440324708819,0.0,0.0,,,,,
11,12,620,12,0.1190546920274694,0.0,0.0,,,,,
12,13,685,13,0.0651780188083648,0.0,0.0,,,,,
13,14,726,14,0.0869993698894977,0.0,0.0,,,,,
14,15,783,15,0.0758376691171101,0.0,0.0,,,,,
15,16,848,16,0.0654175228439271,0.0,0.0,,,,,
16,17,905,17,0.0647703061039958,1.0,1.0,0.0899515485763549,1.0,1.0,,
17,18,930,18,0.1141069737325111,0.0,0.0,,,,,
18,19,995,19,0.0563819214329123,1.0,1.0,,,,,
19,20,1028,20,0.0831783850491046,0.0,0.0,,,,,
20,21,1085,21,0.0731971923368317,0.0,0.0,,,,,
21,22,1134,22,0.07089740122358,0.0,0.0,,,,,
22,23,1183,23,0.0699786616116762,0.0,0.0,,,,,
23,24,1208,24,0.1171112436552842,0.0,0.0,,,,,
24,25,1241,25,0.0784134525060653,0.0,0.0,0.0629610956013202,1.0,1.0,,
25,26,1298,26,0.0488613263943365,1.0,1.0,,,,,
26,27,1371,27,0.059020258842243,0.0,0.0,,,,,
27,28,1436,28,0.0560623367712833,0.0,0.0,,,,,
28,29,1493,29,0.0490221670695713,1.0,1.0,,,,,
29,30,1542,30,0.0640441828345259,0.0,0.0,,,,,
30,31,1559,31,0.1656218459829688,0.0,0.0,,,,,
31,32,1608,32,0.0562082892407973,1.0,1.0,,,,,
32,33,1649,33,0.0486078075319528,1.0,1.0,0.0861790956556796,0.0,0.0,,
33,34,1690,34,0.0694555275440216,0.0,0.0,,,,,
34,35,1779,35,0.0604931132630868,0.0,0.0,,,,,
35,36,1804,36,0.0640331255892912,1.0,1.0,,,,,
36,37,1869,37,0.0707303242571651,0.0,0.0,,,,,
37,38,1894,38,0.0407132718960444,1.0,1.0,,,,,
38,39,1919,39,0.0984069580088059,0.0,0.0,,,,,
39,40,1968,40,0.0427485588192939,1.0,1.0,,,,,
40,41,2017,41,0.0888963056976596,0.0,0.0,0.0465372805935995,0.0,0.0,,
41,42,2058,42,0.0742598607242107,0.0,0.0,,,,,
42,43,2099,43,0.0635431782454252,0.0,0.0,,,,,
43,44,2140,44,0.0651309598535299,0.0,0.0,,,,,
44,45,2181,45,0.0658867396861314,0.0,0.0,,,,,
45,46,2214,46,0.0716638613305986,0.0,0.0,,,,,
46,47,2255,47,0.0471767573058605,1.0,1.0,,,,,
47,48,2304,48,0.0563458250214656,0.0,0.0,,,,,
48,49,2353,49,0.0567543951546152,0.0,0.0,0.0452251993194222,0.0,0.0,,
49,50,2394,50,0.0579902283102274,0.0,0.0,,,,,
50,51,2427,51,0.0642436279356479,0.0,0.0,,,,,
51,52,2484,52,0.0814752792886325,0.0,0.0,,,,,
52,53,2557,53,0.0366186844350563,1.0,1.0,,,,,
53,54,2590,54,0.0640002889744937,0.0,0.0,,,,,
54,55,2647,55,0.0458144888814006,1.0,1.0,,,,,
55,56,2680,56,0.0632408782094717,0.0,0.0,,,,,
56,57,2729,57,0.0430899609128634,0.0,0.0,0.0520025460049509,0.0,0.0,,
57,58,2818,58,0.0593365210023793,0.0,0.0,,,,,
58,59,2835,59,0.115272896811366,0.0,0.0,,,,,
59,60,2876,60,0.0477885603308677,1.0,1.0,,,,,
60,61,2933,61,0.0776819101534783,0.0,0.0,,,,,
61,62,2966,62,0.0565103196166455,1.0,1.0,,,,,
62,63,3023,63,0.0392993291573865,1.0,1.0,,,,,
63,64,3064,64,0.0683622663915157,0.0,0.0,,,,,
64,65,3105,65,0.0435284933149814,1.0,1.0,0.0338290478910009,1.0,1.0,,
65,66,3154,66,0.0589863943805297,0.0,0.0,,,,,
66,67,3195,67,0.0321098458468914,1.0,1.0,,,,,
67,68,3268,68,0.0695539864680419,0.0,0.0,,,,,
68,69,3341,69,0.0696745539974007,0.0,0.0,,,,,
69,70,3366,70,0.1187581127882003,0.0,0.0,,,,,
70,71,3415,71,0.0531294369883835,0.0,0.0,,,,,
71,72,3456,72,0.0524358760267496,0.0,0.0,,,,,
72,73,3521,73,0.0457468510791659,0.0,0.0,0.0426489097438752,0.0,0.0,,
73,74,3578,74,0.0522036489977368,0.0,0.0,,,,,
74,75,3611,75,0.0607649021409451,0.0,0.0,,,,,
75,76,3644,76,0.0621930994838476,0.0,0.0,,,,,
76,77,3685,77,0.0549998061433434,0.0,0.0,,,,,
77,78,3774,78,0.0401116891764104,0.0,0.0,,,,,
78,79,3823,79,0.057352273290356,0.0,0.0,,,,,
79,80,3872,80,0.0539315315429121,0.0,0.0,,,,,
80,81,3937,81,0.0507248470978811,0.0,0.0,0.0737849473766982,0.0,0.0,,
81,82,3970,82,0.0630986987240612,0.0,0.0,,,,,
82,83,4035,83,0.0425131291546858,1.0,1.0,,,,,
83,84,4068,84,0.0551225042156875,1.0,1.0,,,,,
84,85,4109,85,0.055336993785575,0.0,0.0,,,,,
85,86,4182,86,0.0348015732411295,1.0,1.0,,,,,
86,87,4231,87,0.0443283267008761,0.0,0.0,,,,,
87,88,4296,88,0.0431934751803055,0.0,0.0,,,,,
88,89,4337,89,0.0552356962561607,0.0,0.0,0.0432686109061945,0.0,0.0,,
89,90,4378,90,0.0717065965663641,0.0,0.0,,,,,
90,91,4403,91,0.084424295052886,0.0,0.0,,,,,
91,92,4460,92,0.0381063970151756,1.0,1.0,,,,,
92,93,4501,93,0.0459521291777491,1.0,1.0,,,,,
93,94,4558,94,0.03766334601811,0.0,0.0,,,,,
94,95,4607,95,0.0607210178362826,0.0,0.0,,,,,
95,96,4648,96,0.0720323593318462,0.0,0.0,,,,,
96,97,4689,97,0.0441578602716326,1.0,1.0,0.072001014817506,0.0,0.0,,
97,98,4706,98,0.0892144872620701,0.0,0.0,,,,,
98,99,4739,99,0.0861081722006201,0.0,0.0,,,,,
99,100,4772,100,0.0379408436920493,1.0,1.0,,,,,
100,101,4813,101,0.0553177702054381,1.0,1.0,,,,,
101,102,4854,102,0.0508770155087113,1.0,1.0,,,,,
102,103,4919,103,0.1006937446515076,0.0,0.0,,,,,
103,104,4952,104,0.0375862580351531,1.0,1.0,,,,,
104,105,4985,105,0.0673168753273785,0.0,0.0,0.0349524377007037,1.0,1.0,,
105,106,5034,106,0.0943215373065322,0.0,0.0,,,,,
106,107,5067,107,0.0443798573268577,1.0,1.0,,,,,
107,108,5124,108,0.0802217874782426,0.0,0.0,,,,,
108,109,5157,109,0.0585820864513516,1.0,1.0,,,,,
109,110,5206,110,0.0581676625398298,0.0,0.0,,,,,
110,111,5271,111,0.0373148155934177,0.0,0.0,,,,,
111,112,5312,112,0.0661434796601534,0.0,0.0,,,,,
112,113,5393,113,0.0311104724146425,1.0,1.0,0.0498205233684607,0.0,0.0,,
113,114,5442,114,0.0347920283054312,1.0,1.0,,,,,
114,115,5483,115,0.0706116858050227,0.0,0.0,,,,,
115,116,5516,116,0.0971958020329475,0.0,0.0,,,,,
116,117,5613,117,0.0235746798074493,1.0,1.0,,,,,
117,118,5646,118,0.0564708845876157,0.0,0.0,,,,,
118,119,5679,119,0.065259655197151,0.0,0.0,,,,,
119,120,5760,120,0.0323892292138189,1.0,1.0,,,,,
120,121,5809,121,0.0588947347862025,0.0,0.0,0.0879522739350795,0.0,0.0,,
121,122,5842,122,0.085401510130614,0.0,0.0,,,,,
122,123,5899,123,0.047053665029151,0.0,0.0,,,,,
123,124,5956,124,0.0600692373248083,0.0,0.0,,,,,
124,125,5981,125,0.0816954780742525,0.0,0.0,,,,,
125,126,6038,126,0.0492183251625725,1.0,1.0,,,,,
126,127,6079,127,0.0572992545440793,1.0,1.0,,,,,
127,128,6168,128,0.0564372077364135,0.0,0.0,,,,,
128,129,6281,129,0.0326349375443533,0.0,0.0,0.1121649566595442,0.0,0.0,,
129,130,6346,130,0.036793329543434,1.0,1.0,,,,,
130,131,6387,131,0.0693470361083746,0.0,0.0,,,,,
131,132,6452,132,0.0590257553523406,0.0,0.0,,,,,
132,133,6485,133,0.0891804128792136,0.0,0.0,,,,,
133,134,6518,134,0.0763528190180659,0.0,0.0,,,,,
134,135,6583,135,0.0486216256441548,0.0,0.0,,,,,
135,136,6616,136,0.047079991241917,1.0,1.0,,,,,
136,137,6633,137,0.093985333405435,1.0,1.0,0.0430098828370682,1.0,1.0,,
137,138,6690,138,0.0383671597630849,1.0,1.0,,,,,
138,139,6707,139,0.0897206665202975,1.0,1.0,,,,,
139,140,6740,140,0.0746924621984362,0.0,0.0,,,,,
140,141,6781,141,0.0422335061132907,1.0,1.0,,,,,
141,142,6854,142,0.036008866539018,0.0,0.0,,,,,
142,143,6895,143,0.0391981640625745,1.0,1.0,,,,,
143,144,6936,144,0.0457183319553732,0.0,0.0,,,,,
144,145,6969,145,0.0658989916136488,0.0,0.0,0.0718874346713225,0.0,0.0,,
145,146,7018,146,0.0612676802339653,0.0,0.0,,,,,
146,147,7075,147,0.0365964929626456,0.0,0.0,,,,,
147,148,7108,148,0.0744993688073009,0.0,0.0,,,,,
148,149,7157,149,0.0376666134751091,0.0,0.0,,,,,
149,150,7190,150,0.0426128428522497,1.0,1.0,,,,,
150,151,7247,151,0.0463309840166143,0.0,0.0,,,,,
151,152,7304,152,0.0420143297953265,0.0,0.0,,,,,
152,153,7345,153,0.0575827562287449,0.0,0.0,0.0410518809687346,1.0,1.0,,
153,154,7394,154,0.0440079737190778,0.0,0.0,,,,,
154,155,7459,155,0.0348701287666335,1.0,1.0,,,,,
155,156,7500,156,0.033529833458364,1.0,1.0,,,,,
156,157,7533,157,0.0493465292267501,1.0,1.0,,,,,
157,158,7582,158,0.073081962596625,0.0,0.0,,,,,
158,159,7639,159,0.0779894098439919,0.0,0.0,,,,,
159,160,7672,160,0.1287329136813059,0.0,0.0,,,,,
160,161,7713,161,0.0311254133731126,1.0,1.0,0.0400484808168063,0.0,0.0,,
161,162,7746,162,0.0494464821368455,1.0,1.0,,,,,
162,163,7779,163,0.0664823518914636,0.0,0.0,,,,,
163,164,7820,164,0.040904952250421,1.0,1.0,,,,,
164,165,7861,165,0.0489313664995133,0.0,0.0,,,,,
165,166,7934,166,0.0378800634563797,0.0,0.0,,,,,
166,167,7975,167,0.048556698359549,0.0,0.0,,,,,
167,168,8000,168,0.0778809020419915,0.0,0.0,,,,,
168,169,8049,169,0.0313054356871483,1.0,1.0,0.0463259881618432,1.0,1.0,,
169,170,8074,170,0.1186280393848816,0.0,0.0,,,,,
170,171,8107,171,0.0603652286808937,0.0,0.0,,,,,
171,172,8140,172,0.0838439245894551,0.0,0.0,,,,,
172,173,8261,173,0.0317456834636007,1.0,1.0,,,,,
173,174,8310,174,0.0606767544584969,0.0,0.0,,,,,
174,175,8335,175,0.0601792589450875,1.0,1.0,,,,,
175,176,8392,176,0.0480532771934355,0.0,0.0,,,,,
176,177,8433,177,0.0614917701259255,0.0,0.0,0.0520330470637418,0.0,0.0,,
177,178,8482,178,0.0426323199924081,1.0,1.0,,,,,
178,179,8515,179,0.055915844514966,0.0,0.0,,,,,
179,180,8556,180,0.0629385282727889,0.0,0.0,,,,,
180,181,8613,181,0.0608226121483104,0.0,0.0,,,,,
181,182,8686,182,0.0477265219152387,0.0,0.0,,,,,
182,183,8735,183,0.0450881004535282,0.0,0.0,,,,,
183,184,8776,184,0.0591712854281067,0.0,0.0,,,,,
184,185,8849,185,0.0283321122550922,1.0,1.0,0.039452473640974,0.0,0.0,,
185,186,8938,186,0.0280856123465028,1.0,1.0,,,,,
186,187,8979,187,0.0391652098745107,1.0,1.0,,,,,
187,188,9108,188,0.0275086987082613,0.0,0.0,,,,,
188,189,9141,189,0.030186773315072,1.0,1.0,,,,,
189,190,9166,190,0.063596232595543,0.0,0.0,,,,,
190,191,9231,191,0.0473221472464501,0.0,0.0,,,,,
191,192,9288,192,0.0364331405689673,0.0,0.0,,,,,
192,193,9329,193,0.0602457485944032,0.0,0.0,0.055047429415863,0.0,0.0,,
193,194,9362,194,0.0354860861727502,1.0,1.0,,,,,
194,195,9435,195,0.0288828689025507,0.0,0.0,,,,,
195,196,9476,196,0.0399834449067711,1.0,1.0,,,,,
196,197,9541,197,0.0318063649517716,0.0,0.0,,,,,
197,198,9606,198,0.0488762278680224,0.0,0.0,,,,,
198,199,9647,199,0.0497799533940851,0.0,0.0,,,,,
199,200,9704,200,0.0570257879221545,0.0,0.0,,,,,
200,201,9737,201,0.093279776974814,0.0,0.0,0.0343598474226892,0.0,0.0,,
201,202,9770,202,0.1023818399943411,0.0,0.0,,,,,
202,203,9803,203,0.0568844106665346,0.0,0.0,,,,,
203,204,9868,204,0.0517545277797035,0.0,0.0,,,,,
204,205,9909,205,0.0743502133786678,0.0,0.0,,,,,
205,206,9950,206,0.046884946199134,0.0,0.0,,,,,
206,207,9983,207,0.0813366707041859,0.0,0.0,,,,,
207,208,10032,208,0.0465061784954741,0.0,0.0,,,,,
208,209,10089,209,0.0530395207301314,0.0,0.0,0.0412376431034257,1.0,1.0,,
209,210,10106,210,0.0932655808329582,0.0,0.0,,,,,
210,211,10155,211,0.048438184770445,0.0,0.0,,,,,
211,212,10212,212,0.0520429572516254,0.0,0.0,,,,,
212,213,10245,213,0.1205458129616454,0.0,0.0,,,,,
213,214,10278,214,0.0521206037234514,1.0,1.0,,,,,
214,215,10311,215,0.0568427588976919,0.0,0.0,,,,,
215,216,10360,216,0.0443660223732391,0.0,0.0,,,,,
216,217,10409,217,0.0412674451852217,1.0,1.0,0.1545096603780985,0.0,0.0,,
217,218,10442,218,0.0624272578209638,0.0,0.0,,,,,
218,219,10475,219,0.0482945312932133,1.0,1.0,,,,,
219,220,10500,220,0.1405823165302475,0.0,0.0,,,,,
220,221,10533,221,0.0951086108200252,0.0,0.0,,,,,
221,222,10582,222,0.050694010448642,0.0,0.0,,,,,
222,223,10623,223,0.0488126401752233,0.0,0.0,,,,,
223,224,10672,224,0.0549618134678651,0.0,0.0,,,,,
224,225,10697,225,0.0648413149515787,1.0,1.0,0.0647556816320866,0.0,0.0,,
225,226,10746,226,0.0357504030720641,1.0,1.0,,,,,
226,227,10803,227,0.0423911896880183,0.0,0.0,,,,,
227,228,10852,228,0.03515114841129,1.0,1.0,,,,,
228,229,10877,229,0.1683627976477145,0.0,0.0,,,,,
229,230,10918,230,0.0584784508626908,0.0,0.0,,,,,
230,231,10967,231,0.07746640201658,0.0,0.0,,,,,
231,232,10984,232,0.1851024775207042,0.0,0.0,,,,,
232,233,11033,233,0.0529797868927319,0.0,0.0,0.0577995580683151,1.0,1.0,,
233,234,11082,234,0.043506466600423,0.0,0.0,,,,,
234,235,11131,235,0.0492397466612358,0.0,0.0,,,,,
235,236,11172,236,0.0680739846527576,0.0,0.0,,,,,
236,237,11205,237,0.0876411573588848,0.0,0.0,,,,,
237,238,11262,238,0.04830839112401,0.0,0.0,,,,,
238,239,11311,239,0.0534404384468992,0.0,0.0,,,,,
239,240,11352,240,0.0460999857857823,1.0,1.0,,,,,
240,241,11417,241,0.0455806091614067,1.0,1.0,0.0500130694359541,1.0,1.0,,
241,242,11474,242,0.0582406775334051,0.0,0.0,,,,,
242,243,11515,243,0.0688642575740814,0.0,0.0,,,,,
243,244,11548,244,0.070902146063745,0.0,0.0,,,,,
244,245,11589,245,0.0567641595304012,1.0,1.0,,,,,
245,246,11646,246,0.0479887622062648,0.0,0.0,,,,,
246,247,11679,247,0.0584924006555229,1.0,1.0,,,,,
247,248,11728,248,0.0614133989065885,0.0,0.0,,,,,
248,249,11769,249,0.0600311916321516,0.0,0.0,0.0516267642006278,0.0,0.0,,
249,250,11834,250,0.0448562647867947,0.0,0.0,,,,,
250,251,11875,251,0.0540540925823152,0.0,0.0,,,,,
251,252,11940,252,0.0430449824198149,1.0,1.0,,,,,
252,253,11981,253,0.0964565767347812,0.0,0.0,,,,,
253,254,12014,254,0.0617482329905033,0.0,0.0,,,,,
254,255,12063,255,0.0519429046257088,0.0,0.0,,,,,
255,256,12104,256,0.0447192602157592,1.0,1.0,,,,,
256,257,12169,257,0.0494897504104301,0.0,0.0,0.0374122768174856,0.0,0.0,,
257,258,12210,258,0.0584279923178255,0.0,0.0,,,,,
258,259,12243,259,0.0364330972731113,1.0,1.0,,,,,
259,260,12284,260,0.0323506401777267,1.0,1.0,,,,,
260,261,12317,261,0.0741004394553601,0.0,0.0,,,,,
261,262,12350,262,0.0406947819702327,1.0,1.0,,,,,
262,263,12399,263,0.0550891679277022,0.0,0.0,,,,,
263,264,12440,264,0.0825044657737016,0.0,0.0,,,,,
264,265,12473,265,0.0657566979387775,0.0,0.0,0.0299867831962183,1.0,1.0,,
265,266,12514,266,0.0661477676033973,0.0,0.0,,,,,
266,267,12563,267,0.0465269331090773,0.0,0.0,,,,,
267,268,12620,268,0.0429240683951814,0.0,0.0,,,,,
268,269,12677,269,0.0343140594714454,1.0,1.0,,,,,
269,270,12734,270,0.0422257525766534,0.0,0.0,,,,,
270,271,12775,271,0.0620854988768696,0.0,0.0,,,,,
271,272,12808,272,0.0480930581130087,1.0,1.0,,,,,
272,273,12849,273,0.0620684086903929,0.0,0.0,0.0390066480897367,1.0,1.0,,
273,274,12874,274,0.0888116852628688,0.0,0.0,,,,,
274,275,12923,275,0.0439905158461381,0.0,0.0,,,,,
275,276,12964,276,0.0376584095954895,1.0,1.0,,,,,
276,277,13021,277,0.0363162200791495,1.0,1.0,,,,,
277,278,13062,278,0.0450005636829882,0.0,0.0,,,,,
278,279,13103,279,0.0361189133748412,1.0,1.0,,,,,
279,280,13136,280,0.0486983487382531,0.0,0.0,,,,,
280,281,13169,281,0.0486878909938968,0.0,0.0,0.1341244575344026,0.0,0.0,,
281,282,13234,282,0.0297274660225957,1.0,1.0,,,,,
282,283,13291,283,0.0849586731594588,0.0,0.0,,,,,
283,284,13340,284,0.0920390753510097,0.0,0.0,,,,,
284,285,13365,285,0.0568470309178034,0.0,0.0,,,,,
285,286,13462,286,0.0516041275393217,0.0,0.0,,,,,
286,287,13487,287,0.2584163487826784,0.0,0.0,,,,,
287,288,13568,288,0.0280476724114269,1.0,1.0,,,,,
288,289,13609,289,0.0413015184700489,1.0,1.0,0.062266701539047,0.0,0.0,,
289,290,13658,290,0.0556512311721841,0.0,0.0,,,,,
290,291,13715,291,0.0430606695637106,0.0,0.0,,,,,
291,292,13740,292,0.0576018518954515,1.0,1.0,,,,,
292,293,13773,293,0.0600842225085943,0.0,0.0,,,,,
293,294,13806,294,0.0976941092964261,0.0,0.0,,,,,
294,295,13839,295,0.0570238976972177,0.0,0.0,,,,,
295,296,13872,296,0.0539766720682382,1.0,1.0,,,,,
296,297,13945,297,0.0345017173596554,1.0,1.0,0.0340806566054622,1.0,1.0,,
297,298,13994,298,0.0439524875100081,0.0,0.0,,,,,
298,299,14099,299,0.0445438916966892,0.0,0.0,,,,,
299,300,14148,300,0.0618078595524032,0.0,0.0,,,,,
300,301,14181,301,0.0582350993156433,0.0,0.0,,,,,
301,302,14238,302,0.0448661940598062,0.0,0.0,,,,,
302,303,14279,303,0.0562380991466343,0.0,0.0,,,,,
303,304,14328,304,0.0397473176848143,1.0,1.0,,,,,
304,305,14361,305,0.0632739485241472,0.0,0.0,0.0593586393228421,0.0,0.0,,
305,306,14386,306,0.0895914434393247,1.0,1.0,,,,,
306,307,14443,307,0.0540697408534054,0.0,0.0,,,,,
307,308,14500,308,0.0444847521704754,0.0,0.0,,,,,
308,309,14565,309,0.0482721165660768,0.0,0.0,,,,,
309,310,14654,310,0.0268675251719965,1.0,1.0,,,,,
310,311,14711,311,0.0375316806496786,1.0,1.0,,,,,
311,312,14760,312,0.0397100180977334,1.0,1.0,,,,,
312,313,14873,313,0.0350932635766054,0.0,0.0,0.0605818626135587,0.0,0.0,,
313,314,14906,314,0.0576112134102731,0.0,0.0,,,,,
314,315,14939,315,0.0772075448837131,0.0,0.0,,,,,
315,316,14980,316,0.0625386495515704,0.0,0.0,,,,,
316,317,15173,317,0.0241687718964143,1.0,1.0,,,,,
317,318,15222,318,0.0463344683373967,0.0,0.0,,,,,
318,319,15287,319,0.0449746464763302,0.0,0.0,,,,,
319,320,15328,320,0.038658842083998,1.0,1.0,,,,,
320,321,15377,321,0.0341988193585226,1.0,1.0,0.026834582897524,1.0,1.0,,
321,322,15418,322,0.0614247649013996,0.0,0.0,,,,,
322,323,15451,323,0.0624235098180361,0.0,0.0,,,,,
323,324,15484,324,0.047439253530465,1.0,1.0,,,,,
324,325,15533,325,0.0372520774548562,1.0,1.0,,,,,
325,326,15574,326,0.0424837242811918,0.0,0.0,,,,,
326,327,15671,327,0.0284532085181369,1.0,1.0,,,,,
327,328,15704,328,0.0500880718359258,0.0,0.0,,,,,
328,329,15737,329,0.0604653264163062,0.0,0.0,0.0872886548424139,0.0,0.0,,
329,330,15786,330,0.0429988880641758,0.0,0.0,,,,,
330,331,15811,331,0.0843351214379072,0.0,0.0,,,,,
331,332,15844,332,0.0558950114180333,0.0,0.0,,,,,
332,333,15893,333,0.0457250799052417,0.0,0.0,,,,,
333,334,15958,334,0.0526144996995572,0.0,0.0,,,,,
334,335,16007,335,0.0406243529946853,0.0,0.0,,,,,
335,336,16056,336,0.0551588141281778,0.0,0.0,,,,,
336,337,16089,337,0.0470259364589583,0.0,0.0,0.0311601025983691,1.0,1.0,,
337,338,16122,338,0.0878851528326049,0.0,0.0,,,,,
338,339,16163,339,0.0370403528697788,1.0,1.0,,,,,
339,340,16212,340,0.0374335788966467,0.0,0.0,,,,,
340,341,16245,341,0.0507382615283131,1.0,1.0,,,,,
341,342,16294,342,0.0379943074068675,0.0,0.0,,,,,
342,343,16319,343,0.0801224269469579,0.0,0.0,,,,,
343,344,16384,344,0.0308704563602805,1.0,1.0,,,,,
344,345,16425,345,0.0352428459506481,1.0,1.0,0.0320574148568428,0.0,0.0,,
345,346,16474,346,0.0491417173901572,0.0,0.0,,,,,
346,347,16515,347,0.0442188450843095,0.0,0.0,,,,,
347,348,16572,348,0.0444391897826322,0.0,0.0,,,,,
348,349,16629,349,0.0336979175146137,0.0,0.0,,,,,
349,350,16686,350,0.0463397230587101,0.0,0.0,,,,,
350,351,16775,351,0.0302232302953912,0.0,0.0,,,,,
351,352,16816,352,0.0688735546432435,0.0,0.0,,,,,
352,353,16849,353,0.0509611256606876,0.0,0.0,0.0465193218663334,1.0,1.0,,
353,354,16906,354,0.0555556347194526,0.0,0.0,,,,,
354,355,16947,355,0.045614107273519,1.0,1.0,,,,,
355,356,16996,356,0.0408651751621315,1.0,1.0,,,,,
356,357,17053,357,0.0400954311128173,0.0,0.0,,,,,
357,358,17102,358,0.0477298279595561,0.0,0.0,,,,,
358,359,17167,359,0.0349743577488698,1.0,1.0,,,,,
359,360,17200,360,0.0699921305757016,0.0,0.0,,,,,
360,361,17257,361,0.0298142897736813,1.0,1.0,0.0426860530115663,0.0,0.0,,
361,362,17282,362,0.0680948306123415,0.0,0.0,,,,,
362,363,17363,363,0.0459079437619075,0.0,0.0,,,,,
363,364,17412,364,0.062198476344347,0.0,0.0,,,,,
364,365,17453,365,0.043432963013649,0.0,0.0,,,,,
365,366,17518,366,0.0352091775578446,1.0,1.0,,,,,
366,367,17559,367,0.0435271614640951,0.0,0.0,,,,,
367,368,17600,368,0.0454445187989622,0.0,0.0,,,,,
368,369,17657,369,0.0383729821004505,0.0,0.0,0.0342258110195398,1.0,1.0,,
369,370,17730,370,0.0367583256380425,0.0,0.0,,,,,
370,371,17779,371,0.0463937056204304,0.0,0.0,,,,,
371,372,17828,372,0.0368658990218924,0.0,0.0,,,,,
372,373,17885,373,0.0327989981902231,0.0,0.0,,,,,
373,374,17966,374,0.0248597192862071,1.0,1.0,,,,,
374,375,18031,375,0.0709595172427361,0.0,0.0,,,,,
375,376,18088,376,0.0548203372080544,0.0,0.0,,,,,
376,377,18153,377,0.0582095526764169,0.0,0.0,0.0366325939400121,1.0,1.0,,
377,378,18186,378,0.0591127244476228,0.0,0.0,,,,,
378,379,18251,379,0.0330944448942318,1.0,1.0,,,,,
379,380,18284,380,0.0774791283905506,0.0,0.0,,,,,
380,381,18333,381,0.0343973584597309,1.0,1.0,,,,,
381,382,18382,382,0.0195303584914654,1.0,1.0,,,,,
382,383,18431,383,0.0645906785627206,0.0,0.0,,,,,
383,384,18520,384,0.0480592098120938,0.0,0.0,,,,,
384,385,18569,385,0.0203719914797693,1.0,1.0,0.0270740361623466,1.0,1.0,,
385,386,18618,386,0.0217890746938064,1.0,1.0,,,,,
386,387,18651,387,0.0315616535115987,1.0,1.0,,,,,
387,388,18724,388,0.0405404732081418,0.0,0.0,,,,,
388,389,18765,389,0.0227585094962269,1.0,1.0,,,,,
389,390,18814,390,0.0273677558700243,1.0,1.0,,,,,
390,391,18855,391,0.0852808075770735,0.0,0.0,,,,,
391,392,18888,392,0.0900439520506188,0.0,0.0,,,,,
392,393,18921,393,0.0720924981473945,0.0,0.0,0.0290040344941533,1.0,1.0,,
393,394,18962,394,0.0334074570070952,1.0,1.0,,,,,
394,395,19011,395,0.0405052783930053,1.0,1.0,,,,,
395,396,19060,396,0.0306596491796274,1.0,1.0,,,,,
396,397,19109,397,0.0405999267706647,0.0,0.0,,,,,
397,398,19158,398,0.0435891468947132,0.0,0.0,,,,,
398,399,19191,399,0.0635380675084889,0.0,0.0,,,,,
399,400,19224,400,0.0478102635825052,0.0,0.0,,,,,
400,401,19281,401,0.0378660037082486,0.0,0.0,0.048765133369714,0.0,0.0,,
401,402,19322,402,0.0430423835311085,0.0,0.0,,,,,
402,403,19363,403,0.0443598944097757,1.0,1.0,,,,,
403,404,19396,404,0.0580159096553689,1.0,1.0,,,,,
404,405,19445,405,0.0302011160148928,1.0,1.0,,,,,
405,406,19518,406,0.0414951476744479,0.0,0.0,,,,,
406,407,19583,407,0.0306850920675788,1.0,1.0,,,,,
407,408,19784,408,0.042206097630877,0.0,0.0,,,,,
408,409,19817,409,0.0374036044673994,1.0,1.0,0.0463034887160174,0.0,0.0,,
409,410,19866,410,0.0403615822549909,1.0,1.0,,,,,
410,411,19923,411,0.047647465476101,0.0,0.0,,,,,
411,412,19964,412,0.0386889698458835,1.0,1.0,,,,,
412,413,20013,413,0.0476124051523705,0.0,0.0,,,,,
413,414,20062,414,0.0496709500389018,0.0,0.0,,,,,
414,415,20111,415,0.0284609032973336,1.0,1.0,,,,,
415,416,20160,416,0.1076652672809238,0.0,0.0,,,,,
416,417,20249,417,0.0321579500558701,1.0,1.0,0.0737424433901906,0.0,0.0,,
417,418,20330,418,0.0230395494822878,1.0,1.0,,,,,
418,419,20371,419,0.1998604632429778,0.0,0.0,,,,,
419,420,20428,420,0.0422550715017132,0.0,0.0,,,,,
420,421,20461,421,0.0378957004332914,1.0,1.0,,,,,
421,422,20494,422,0.3213292289106175,0.0,0.0,,,,,
422,423,20527,423,0.0326305570360273,1.0,1.0,,,,,
423,424,20576,424,0.069487467429911,0.0,0.0,,,,,
424,425,20617,425,0.0390956936329603,1.0,1.0,0.0468669713909427,0.0,0.0,,
425,426,20650,426,0.0660290918071405,0.0,0.0,,,,,
426,427,20691,427,0.0307255826769396,1.0,1.0,,,,,
427,428,20740,428,0.0635853664181195,0.0,0.0,,,,,
428,429,20805,429,0.0531227491726167,0.0,0.0,,,,,
429,430,20846,430,0.0707135452069342,0.0,0.0,,,,,
430,431,20911,431,0.0483447325322777,0.0,0.0,,,,,
431,432,20952,432,0.0828309610858559,0.0,0.0,,,,,
432,433,21009,433,0.0193905654310115,1.0,1.0,0.0496556109981611,1.0,1.0,0.350989818572998,0.3003458245524237
433,434,21082,434,0.0231745771215193,1.0,1.0,,,,,
434,435,21115,435,0.0829827637970447,0.0,0.0,,,,,
435,436,21164,436,0.046798648086066,0.0,0.0,,,,,
436,437,21197,437,0.0544985432270914,0.0,0.0,,,,,
437,438,21230,438,0.1416014596913009,0.0,0.0,,,,,
438,439,21263,439,0.0558728458592668,0.0,0.0,,,,,
439,440,21328,440,0.0374309399910271,0.0,0.0,,,,,
440,441,21361,441,0.0911793863400817,0.0,0.0,0.0491827184930443,1.0,1.0,,
441,442,21410,442,0.0514284364134073,0.0,0.0,,,,,
442,443,21443,443,0.0534755664691329,1.0,1.0,,,,,
443,444,21500,444,0.0506340636738709,0.0,0.0,,,,,
444,445,21565,445,0.0399731021467596,1.0,1.0,,,,,
445,446,21622,446,0.0465524533577263,0.0,0.0,,,,,
446,447,21679,447,0.0445858660606401,1.0,1.0,,,,,
447,448,21712,448,0.0665841609658673,0.0,0.0,,,,,
448,449,21761,449,0.0505679159409676,0.0,0.0,0.0353760924764598,1.0,1.0,,
449,450,21802,450,0.0456799261160194,0.0,0.0,,,,,
450,451,21835,451,0.0536579937604256,1.0,1.0,,,,,
451,452,21884,452,0.0441436592008297,0.0,0.0,,,,,
452,453,21941,453,0.0360501477521445,1.0,1.0,,,,,
453,454,22022,454,0.0295101334135979,1.0,1.0,,,,,
454,455,22095,455,0.0339758294593128,0.0,0.0,,,,,
455,456,22136,456,0.0547625742405653,0.0,0.0,,,,,
456,457,22169,457,0.0364524419885128,1.0,1.0,0.0460670755989849,1.0,1.0,,
457,458,22210,458,0.0691622503325343,0.0,0.0,,,,,
458,459,22259,459,0.0437901466774443,0.0,0.0,,,,,
459,460,22332,460,0.0343191225526647,0.0,0.0,,,,,
460,461,22373,461,0.0460316465012729,0.0,0.0,,,,,
461,462,22494,462,0.0287817314574494,0.0,0.0,,,,,
462,463,22511,463,0.0512960341386497,1.0,1.0,,,,,
463,464,22560,464,0.0566168706445023,0.0,0.0,,,,,
464,465,22617,465,0.0287495628744363,1.0,1.0,0.0306157362655115,1.0,1.0,,
465,466,22666,466,0.0247572481368357,1.0,1.0,,,,,
466,467,22707,467,0.0616093863882124,0.0,0.0,,,,,
467,468,22740,468,0.0424226559791713,1.0,1.0,,,,,
468,469,22789,469,0.049993180281793,0.0,0.0,,,,,
469,470,22878,470,0.0270623644102703,0.0,0.0,,,,,
470,471,22935,471,0.0470202610109533,0.0,0.0,,,,,
471,472,22968,472,0.0280185216572135,1.0,1.0,,,,,
472,473,23033,473,0.0657818558937287,0.0,0.0,0.0867712925228988,0.0,0.0,,
473,474,23066,474,0.0904146918421611,0.0,0.0,,,,,
474,475,23139,475,0.0419804055285122,0.0,0.0,,,,,
475,476,23196,476,0.0401784899617944,1.0,1.0,,,,,
476,477,23229,477,0.0495473588583991,1.0,1.0,,,,,
477,478,23278,478,0.0480465920362621,0.0,0.0,,,,,
478,479,23311,479,0.0393752582330489,1.0,1.0,,,,,
479,480,23344,480,0.0831792711792513,0.0,0.0,,,,,
480,481,23401,481,0.0427301556537193,0.0,0.0,0.0588128537777811,0.0,0.0,,
481,482,23458,482,0.0421217237988353,1.0,1.0,,,,,
482,483,23499,483,0.0349632987491786,1.0,1.0,,,,,
483,484,23540,484,0.0344511070623993,0.0,0.0,,,,,
484,485,23613,485,0.0323158554836279,1.0,1.0,,,,,
485,486,23662,486,0.0386486689994732,1.0,1.0,,,,,
486,487,23695,487,0.0526677101850509,0.0,0.0,,,,,
487,488,23744,488,0.0369878920384993,0.0,0.0,,,,,
488,489,23777,489,0.0902321017766371,0.0,0.0,0.0470133036524057,1.0,1.0,,
489,490,23866,490,0.03969006172974,0.0,0.0,,,,,
490,491,23915,491,0.0592299414767573,0.0,0.0,,,,,
491,492,23964,492,0.0266990669537335,1.0,1.0,,,,,
492,493,23997,493,0.0382788666500709,1.0,1.0,,,,,
493,494,24030,494,0.0401440221862867,1.0,1.0,,,,,
494,495,24079,495,0.0292607607482932,1.0,1.0,,,,,
495,496,24144,496,0.024017179243965,1.0,1.0,,,,,
496,497,24209,497,0.0347128008073195,1.0,1.0,0.0370188140822574,1.0,1.0,,
497,498,24306,498,0.0284111609185735,1.0,1.0,,,,,
498,499,24331,499,0.0326490587151298,1.0,1.0,,,,,
499,500,24388,500,0.033282252925315,0.0,0.0,,,,,
500,501,24429,501,0.0434685674402862,1.0,1.0,,,,,
501,502,24462,502,0.1084003944671712,0.0,0.0,,,,,
502,503,24519,503,0.0357219320349395,1.0,1.0,,,,,
503,504,24560,504,0.0483528183326125,1.0,1.0,,,,,
504,505,24609,505,0.0316480626538395,1.0,1.0,0.0784630028833635,0.0,0.0,,
505,506,24658,506,0.0186055583739653,1.0,1.0,,,,,
506,507,24707,507,0.0543792868343492,0.0,0.0,,,,,
507,508,24756,508,0.0206653292073557,1.0,1.0,,,,,
508,509,24789,509,0.0558829302852973,0.0,0.0,,,,,
509,510,24814,510,0.0292485415314634,1.0,1.0,,,,,
510,511,24847,511,0.0176040151435881,1.0,1.0,,,,,
511,512,24880,512,0.1222400515177287,0.0,0.0,,,,,
512,513,24929,513,0.1106445319453875,0.0,0.0,0.0185578121741612,1.0,1.0,,
513,514,24994,514,0.0269689407746773,1.0,1.0,,,,,
514,515,25051,515,0.0761166589095124,0.0,0.0,,,,,
515,516,25108,516,0.0154635403491556,1.0,1.0,,,,,
516,517,25173,517,0.0233067788148764,1.0,1.0,,,,,
517,518,25206,518,0.1658850643131882,0.0,0.0,,,,,
518,519,25239,519,0.0731023734947666,0.0,0.0,,,,,
519,520,25288,520,0.0546491474968691,0.0,0.0,,,,,
520,521,25377,521,0.0527574460564011,0.0,0.0,0.0680241401540115,0.0,0.0,,
521,522,25458,522,0.0256289246287196,1.0,1.0,,,,,
522,523,25499,523,0.0655305541306734,0.0,0.0,,,,,
523,524,25524,524,0.1041044598445296,0.0,0.0,,,,,
524,525,25573,525,0.0501789811719208,0.0,0.0,,,,,
525,526,25614,526,0.0469020670689642,1.0,1.0,,,,,
526,527,25687,527,0.0409950115862819,0.0,0.0,,,,,
527,528,25728,528,0.0561621198244392,0.0,0.0,,,,,
528,529,25769,529,0.0473052189499139,1.0,1.0,0.0540403383672237,1.0,1.0,,
529,530,25834,530,0.0441038970369845,0.0,0.0,,,,,
530,531,25883,531,0.0434127680150171,0.0,0.0,,,,,
531,532,25908,532,0.061590453547736,0.0,0.0,,,,,
532,533,25957,533,0.040288509701689,0.0,0.0,,,,,
533,534,26022,534,0.0316532558342441,1.0,1.0,,,,,
534,535,26071,535,0.0438393176269407,0.0,0.0,,,,,
535,536,26112,536,0.0499961809441447,0.0,0.0,,,,,
536,537,26161,537,0.0340401744563132,1.0,1.0,0.0475096902304462,0.0,0.0,,
537,538,26218,538,0.0261930136382579,1.0,1.0,,,,,
538,539,26267,539,0.0631566404163216,0.0,0.0,,,,,
539,540,26292,540,0.0998535569167385,0.0,0.0,,,,,
540,541,26325,541,0.0279983424639795,1.0,1.0,,,,,
541,542,26382,542,0.063243803333358,0.0,0.0,,,,,
542,543,26423,543,0.0545499405711889,0.0,0.0,,,,,
543,544,26504,544,0.0268187787998467,1.0,1.0,,,,,
544,545,26529,545,0.1035532107452551,0.0,0.0,0.0676100654881447,0.0,0.0,,
545,546,26586,546,0.0282307441452784,1.0,1.0,,,,,
546,547,26619,547,0.0453714462788775,1.0,1.0,,,,,
547,548,26652,548,0.0726545807323418,0.0,0.0,,,,,
548,549,26677,549,0.0544782119384035,1.0,1.0,,,,,
549,550,26718,550,0.0542407269626855,0.0,0.0,,,,,
550,551,26751,551,0.0505859656725078,1.0,1.0,,,,,
551,552,26816,552,0.0235836502513848,1.0,1.0,,,,,
552,553,26865,553,0.0259059193637222,1.0,1.0,0.0608964176452718,0.0,0.0,,
553,554,26898,554,0.0271204589819535,1.0,1.0,,,,,
554,555,26955,555,0.0462437705961721,0.0,0.0,,,,,
555,556,26996,556,0.0487255854718387,0.0,0.0,,,,,
556,557,27029,557,0.0758085726387798,0.0,0.0,,,,,
557,558,27070,558,0.0242123013567179,1.0,1.0,,,,,
558,559,27143,559,0.040551690274539,0.0,0.0,,,,,
559,560,27216,560,0.0431862071228937,0.0,0.0,,,,,
560,561,27281,561,0.0415095274243503,0.0,0.0,0.0375100038610398,1.0,1.0,,
561,562,27298,562,0.062816872713156,1.0,1.0,,,,,
562,563,27331,563,0.0473652453825343,1.0,1.0,,,,,
563,564,27364,564,0.0606875134631991,0.0,0.0,,,,,
564,565,27397,565,0.0350303501961752,1.0,1.0,,,,,
565,566,27462,566,0.0527371842652792,0.0,0.0,,,,,
566,567,27503,567,0.0300612414330244,1.0,1.0,,,,,
567,568,27552,568,0.0392346217793722,0.0,0.0,,,,,
568,569,27617,569,0.0265799033135408,1.0,1.0,0.038901757284766,0.0,0.0,,
569,570,27658,570,0.022334469995927,1.0,1.0,,,,,
570,571,27723,571,0.0336648577975574,1.0,1.0,,,,,
571,572,27820,572,0.0275325169307567,0.0,0.0,,,,,
572,573,27877,573,0.035491232078722,0.0,0.0,,,,,
573,574,28078,574,0.0372457657532766,0.0,0.0,,,,,
574,575,28111,575,0.1088955884939059,0.0,0.0,,,,,
575,576,28144,576,0.0880426309589529,0.0,0.0,,,,,
576,577,28185,577,0.0309683987442404,1.0,1.0,0.0317844841236041,0.0,0.0,,
577,578,28258,578,0.033922165278604,0.0,0.0,,,,,
578,579,28323,579,0.0389026025962084,1.0,1.0,,,,,
579,580,28364,580,0.0343853151639923,1.0,1.0,,,,,
580,581,28405,581,0.0620969865373335,0.0,0.0,,,,,
581,582,28454,582,0.0345536996781205,1.0,1.0,,,,,
582,583,28503,583,0.0319164221726047,1.0,1.0,,,,,
583,584,28544,584,0.0614254561495035,0.0,0.0,,,,,
584,585,28585,585,0.070967582443729,0.0,0.0,0.0484508724084922,0.0,0.0,,
585,586,28634,586,0.0585259098637228,0.0,0.0,,,,,
586,587,28747,587,0.0177697806745501,1.0,1.0,,,,,
587,588,28804,588,0.0261495893661464,1.0,1.0,,,,,
588,589,28837,589,0.0337188621703535,1.0,1.0,,,,,
589,590,28942,590,0.0397471670985508,0.0,0.0,,,,,
590,591,28991,591,0.0479913300508633,0.0,0.0,,,,,
591,592,29008,592,0.0778813989460468,1.0,1.0,,,,,
592,593,29057,593,0.081445584379447,0.0,0.0,0.0631299237893628,0.0,0.0,,
593,594,29106,594,0.0400955561206986,1.0,1.0,,,,,
594,595,29139,595,0.0283033644768875,1.0,1.0,,,,,
595,596,29196,596,0.0336431429934288,1.0,1.0,,,,,
596,597,29229,597,0.0285247518401592,1.0,1.0,,,,,
597,598,29270,598,0.0725567833762615,0.0,0.0,,,,,
598,599,29335,599,0.0259399926499463,1.0,1.0,,,,,
599,600,29368,600,0.0906972424732521,0.0,0.0,,,,,
600,601,29385,601,0.1377363932877779,0.0,0.0,0.0394415312446653,1.0,1.0,,
601,602,29426,602,0.0879972140826285,0.0,0.0,,,,,
602,603,29475,603,0.0560082389220285,0.0,0.0,,,,,
603,604,29540,604,0.029298014169326,1.0,1.0,,,,,
604,605,29589,605,0.0256124124241372,1.0,1.0,,,,,
605,606,29662,606,0.044564536716789,0.0,0.0,,,,,
606,607,29711,607,0.0415738564884911,1.0,1.0,,,,,
607,608,29792,608,0.0329023236399516,1.0,1.0,,,,,
608,609,29825,609,0.0463582059508189,1.0,1.0,0.061880103861913,0.0,0.0,,
609,610,29866,610,0.0735513451527804,0.0,0.0,,,,,
610,611,29891,611,0.0580487695677826,1.0,1.0,,,,,
611,612,29932,612,0.0450794445844367,0.0,0.0,,,,,
612,613,29989,613,0.0373473104195935,0.0,0.0,,,,,
613,614,30038,614,0.048879239205271,0.0,0.0,,,,,
614,615,30095,615,0.0412573106054748,0.0,0.0,,,,,
615,616,30144,616,0.0189493990076395,1.0,1.0,,,,,
616,617,30185,617,0.0421138596050441,1.0,1.0,0.0535424605384469,0.0,0.0,,
617,618,30226,618,0.0216523832324892,1.0,1.0,,,,,
618,619,30315,619,0.036452638909898,0.0,0.0,,,,,
619,620,30348,620,0.0599917126167565,0.0,0.0,,,,,
620,621,30477,621,0.0212648446316598,1.0,1.0,,,,,
621,622,30510,622,0.0460046169161796,1.0,1.0,,,,,
622,623,30567,623,0.0325118850065129,1.0,1.0,,,,,
623,624,30624,624,0.0463579503420208,0.0,0.0,,,,,
624,625,30657,625,0.037681951788254,1.0,1.0,0.0310271637301359,0.0,0.0,,
625,626,30698,626,0.0408195193894207,0.0,0.0,,,,,
626,627,30739,627,0.0596596973538398,0.0,0.0,,,,,
627,628,30772,628,0.0319563260348513,1.0,1.0,,,,,
628,629,30813,629,0.0429726363737136,1.0,1.0,,,,,
629,630,30862,630,0.0921277416753582,0.0,0.0,,,,,
630,631,30887,631,0.0393031937473764,1.0,1.0,,,,,
631,632,30944,632,0.0268087620813665,1.0,1.0,,,,,
632,633,30985,633,0.0932117951214313,0.0,0.0,0.0269711624870875,1.0,1.0,,
633,634,31026,634,0.0748202495013829,0.0,0.0,,,,,
634,635,31083,635,0.0398028077131935,0.0,0.0,,,,,
635,636,31148,636,0.0463285610114689,0.0,0.0,,,,,
636,637,31213,637,0.0528867803141474,0.0,0.0,,,,,
637,638,31254,638,0.0301359192673116,1.0,1.0,,,,,
638,639,31295,639,0.0396212981417775,1.0,1.0,,,,,
639,640,31320,640,0.0951619814833005,0.0,0.0,,,,,
640,641,31409,641,0.0322202178996733,1.0,1.0,0.0963370006997138,0.0,0.0,,
641,642,31458,642,0.0412338216695934,1.0,1.0,,,,,
642,643,31539,643,0.0256413327879272,1.0,1.0,,,,,
643,644,31588,644,0.0505257168039679,0.0,0.0,,,,,
644,645,31653,645,0.0353705851174891,0.0,0.0,,,,,
645,646,31718,646,0.0371134495455771,1.0,1.0,,,,,
646,647,31767,647,0.0618823279277421,0.0,0.0,,,,,
647,648,31816,648,0.0486154195029909,0.0,0.0,,,,,
648,649,31857,649,0.0415339162256568,1.0,1.0,0.0393488244973123,0.0,0.0,,
649,650,31906,650,0.0446009003929793,0.0,0.0,,,,,
650,651,31963,651,0.0359821957402995,1.0,1.0,,,,,
651,652,31996,652,0.0451652831304818,1.0,1.0,,,,,
652,653,32053,653,0.0428058496995696,0.0,0.0,,,,,
653,654,32110,654,0.0302167087234556,1.0,1.0,,,,,
654,655,32167,655,0.0415364929102361,0.0,0.0,,,,,
655,656,32200,656,0.0630851847468875,0.0,0.0,,,,,
656,657,32249,657,0.0333845374981562,1.0,1.0,0.0428625488840043,0.0,0.0,,
657,658,32282,658,0.0362139825086342,1.0,1.0,,,,,
658,659,32307,659,0.0832136260469754,0.0,0.0,,,,,
659,660,32348,660,0.0427593418620526,0.0,0.0,,,,,
660,661,32381,661,0.0562834133766591,0.0,0.0,,,,,
661,662,32414,662,0.0529672230128198,0.0,0.0,,,,,
662,663,32503,663,0.025792870204049,1.0,1.0,,,,,
663,664,32544,664,0.0477152989935129,0.0,0.0,,,,,
664,665,32585,665,0.0333765492197126,1.0,1.0,0.0335548424674198,1.0,1.0,,
665,666,32618,666,0.0460186656645964,1.0,1.0,,,,,
666,667,32707,667,0.0457619765468619,0.0,0.0,,,,,
667,668,32748,668,0.0657089491356164,0.0,0.0,,,,,
668,669,32773,669,0.059555465131998,1.0,1.0,,,,,
669,670,32806,670,0.0405337097495794,1.0,1.0,,,,,
670,671,32871,671,0.0383422864507883,1.0,1.0,,,,,
671,672,32904,672,0.0395416400607791,1.0,1.0,,,,,
672,673,32945,673,0.0646009574774652,0.0,0.0,0.036334789948804,0.0,0.0,,
673,674,32994,674,0.0413847851008176,1.0,1.0,,,,,
674,675,33187,675,0.0255984372434613,0.0,0.0,,,,,
675,676,33220,676,0.0294176947625237,1.0,1.0,,,,,
676,677,33253,677,0.0383926407131366,1.0,1.0,,,,,
677,678,33286,678,0.035993838252034,1.0,1.0,,,,,
678,679,33335,679,0.0356052403415863,0.0,0.0,,,,,
679,680,33376,680,0.037357684044633,1.0,1.0,,,,,
680,681,33425,681,0.0387315425435857,0.0,0.0,0.0843209051679587,0.0,0.0,,
681,682,33474,682,0.0201042737462557,1.0,1.0,,,,,
682,683,33499,683,0.0903266898822039,0.0,0.0,,,,,
683,684,33540,684,0.0299663335233926,1.0,1.0,,,,,
684,685,33557,685,0.0502333626523614,1.0,1.0,,,,,
685,686,33606,686,0.0408889855071902,0.0,0.0,,,,,
686,687,33647,687,0.0232505427706055,1.0,1.0,,,,,
687,688,33704,688,0.0353555440743054,1.0,1.0,,,,,
688,689,33753,689,0.0812549642814944,0.0,0.0,0.0680845011621713,0.0,0.0,,
689,690,33786,690,0.0216329791716998,1.0,1.0,,,,,
690,691,33827,691,0.0719627487696707,0.0,0.0,,,,,
691,692,33860,692,0.0252589267911389,1.0,1.0,,,,,
692,693,33893,693,0.1147597563406452,0.0,0.0,,,,,
693,694,33942,694,0.0660928950070714,0.0,0.0,,,,,
694,695,33967,695,0.0304373689663285,1.0,1.0,,,,,
695,696,34008,696,0.0277508420571684,1.0,1.0,,,,,
696,697,34097,697,0.0432243885711597,0.0,0.0,0.0231633764510043,1.0,1.0,,
697,698,34130,698,0.0641834913188358,0.0,0.0,,,,,
698,699,34179,699,0.0589897213457152,0.0,0.0,,,,,
699,700,34236,700,0.0403543914748089,0.0,0.0,,,,,
700,701,34301,701,0.0262182237766683,1.0,1.0,,,,,
701,702,34366,702,0.0469201457855524,0.0,0.0,,,,,
702,703,34423,703,0.0324304383607315,1.0,1.0,,,,,
703,704,34480,704,0.0306112077898745,1.0,1.0,,,,,
704,705,34521,705,0.0455163970794528,0.0,0.0,0.1015861128410324,0.0,0.0,,
705,706,34554,706,0.0860425526835024,0.0,0.0,,,,,
706,707,34579,707,0.0456731207792957,1.0,1.0,,,,,
707,708,34612,708,0.0449864257429726,0.0,0.0,,,,,
708,709,34653,709,0.021142777566798,1.0,1.0,,,,,
709,710,34710,710,0.0453600661669458,0.0,0.0,,,,,
710,711,34735,711,0.1219083646933237,0.0,0.0,,,,,
711,712,34768,712,0.038517558639869,1.0,1.0,,,,,
712,713,34817,713,0.0410314974095672,0.0,0.0,0.0681533555686473,0.0,0.0,,
713,714,34866,714,0.036491725773861,1.0,1.0,,,,,
714,715,34907,715,0.0463201888743788,0.0,0.0,,,,,
715,716,34956,716,0.0714131900885452,0.0,0.0,,,,,
716,717,34997,717,0.0407543009966611,1.0,1.0,,,,,
717,718,35030,718,0.0532647579535841,0.0,0.0,,,,,
718,719,35055,719,0.0600800284494956,1.0,1.0,,,,,
719,720,35096,720,0.0377659721039235,1.0,1.0,,,,,
720,721,35185,721,0.0273910536811771,1.0,1.0,0.0321982992645353,0.0,0.0,,
721,722,35226,722,0.0423318495880812,1.0,1.0,,,,,
722,723,35259,723,0.0487015087064355,1.0,1.0,,,,,
723,724,35308,724,0.0702638685827453,0.0,0.0,,,,,
724,725,35365,725,0.0342359135486185,1.0,1.0,,,,,
725,726,35398,726,0.0745339810568839,0.0,0.0,,,,,
726,727,35431,727,0.0555691319331526,0.0,0.0,,,,,
727,728,35464,728,0.0574883542978204,1.0,1.0,,,,,
728,729,35529,729,0.0377957302774302,0.0,0.0,0.0407609557951218,0.0,0.0,,
729,730,35578,730,0.0358573644080509,1.0,1.0,,,,,
730,731,35619,731,0.0267500500045716,1.0,1.0,,,,,
731,732,35652,732,0.0310766087018419,1.0,1.0,,,,,
732,733,35709,733,0.0620086355081626,0.0,0.0,,,,,
733,734,35774,734,0.0328538458849652,0.0,0.0,,,,,
734,735,35831,735,0.0386916186154953,0.0,0.0,,,,,
735,736,35896,736,0.0503713806997984,0.0,0.0,,,,,
736,737,35969,737,0.0345157645725541,1.0,1.0,0.0293372213244438,1.0,1.0,,
737,738,36010,738,0.0334986694790422,1.0,1.0,,,,,
738,739,36059,739,0.0534541442152112,0.0,0.0,,,,,
739,740,36092,740,0.0282071801641723,1.0,1.0,,,,,
740,741,36157,741,0.0203728343429975,1.0,1.0,,,,,
741,742,36198,742,0.0648997121602296,0.0,0.0,,,,,
742,743,36231,743,0.0737420879001729,0.0,0.0,,,,,
743,744,36280,744,0.0181722641681941,1.0,1.0,,,,,
744,745,36329,745,0.0626043697027489,0.0,0.0,0.0546387677515546,0.0,0.0,,
745,746,36370,746,0.057884638749063,0.0,0.0,,,,,
746,747,36435,747,0.0386169939691899,0.0,0.0,,,,,
747,748,36484,748,0.0245879252674058,1.0,1.0,,,,,
748,749,36533,749,0.0300243775073128,1.0,1.0,,,,,
749,750,36614,750,0.0326910153459757,0.0,0.0,,,,,
750,751,36655,751,0.0616980711501091,0.0,0.0,,,,,
751,752,36696,752,0.0377409721314907,1.0,1.0,,,,,
752,753,36737,753,0.0349816122716292,1.0,1.0,0.0744346902581552,0.0,0.0,,
753,754,36770,754,0.034471650677151,1.0,1.0,,,,,
754,755,36843,755,0.0358773937182397,0.0,0.0,,,,,
755,756,36892,756,0.0316632454516366,1.0,1.0,,,,,
756,757,36925,757,0.048595260195434,1.0,1.0,,,,,
757,758,36966,758,0.0514675096049904,0.0,0.0,,,,,
758,759,37039,759,0.0370002275096097,0.0,0.0,,,,,
759,760,37056,760,0.096932516824454,0.0,0.0,,,,,
760,761,37089,761,0.0389215086179319,1.0,1.0,0.040391382148955,0.0,0.0,,
761,762,37122,762,0.0327979950833832,1.0,1.0,,,,,
762,763,37163,763,0.039730394677259,0.0,0.0,,,,,
763,764,37196,764,0.0403077809861861,1.0,1.0,,,,,
764,765,37229,765,0.029181839118537,1.0,1.0,,,,,
765,766,37278,766,0.0294561341459242,1.0,1.0,,,,,
766,767,37319,767,0.0341623667525127,1.0,1.0,,,,,
767,768,37376,768,0.0529436205280944,0.0,0.0,,,,,
768,769,37441,769,0.0443337892563431,0.0,0.0,0.040011228766758,1.0,1.0,,
769,770,37490,770,0.0342488891014363,0.0,0.0,,,,,
770,771,37507,771,0.0912512487545609,0.0,0.0,,,,,
771,772,37548,772,0.0540561597971245,0.0,0.0,,,,,
772,773,37589,773,0.0434478716780431,0.0,0.0,,,,,
773,774,37654,774,0.0333190850587561,1.0,1.0,,,,,
774,775,37711,775,0.047963455280156,0.0,0.0,,,,,
775,776,37752,776,0.0497568747494369,0.0,0.0,,,,,
776,777,37793,777,0.054050387840718,0.0,0.0,0.0862513956489662,0.0,0.0,,
777,778,37834,778,0.0523355153650045,0.0,0.0,,,,,
778,779,37899,779,0.0346928559872321,1.0,1.0,,,,,
779,780,37956,780,0.0442201425805355,0.0,0.0,,,,,
780,781,37997,781,0.0503943953644484,0.0,0.0,,,,,
781,782,38038,782,0.0844469399433583,0.0,0.0,,,,,
782,783,38095,783,0.0243985287465953,1.0,1.0,,,,,
783,784,38144,784,0.0393128098718201,0.0,0.0,,,,,
784,785,38209,785,0.0360504917163052,0.0,0.0,0.0481916396832093,1.0,1.0,,
785,786,38290,786,0.0358318120725452,1.0,1.0,,,,,
786,787,38355,787,0.0424437998165376,0.0,0.0,,,,,
787,788,38404,788,0.0420665090577676,0.0,0.0,,,,,
788,789,38461,789,0.0406098303112334,0.0,0.0,,,,,
789,790,38502,790,0.0210061774663627,1.0,1.0,,,,,
790,791,38551,791,0.0230675509323676,1.0,1.0,,,,,
791,792,38608,792,0.0417151220350725,0.0,0.0,,,,,
792,793,38649,793,0.0608023212570697,0.0,0.0,0.0371927460019166,1.0,1.0,,
793,794,38682,794,0.0794636210135649,0.0,0.0,,,,,
794,795,38723,795,0.0347098282547667,1.0,1.0,,,,,
795,796,38772,796,0.0354873824228222,1.0,1.0,,,,,
796,797,38829,797,0.0338111224008857,1.0,1.0,,,,,
797,798,38862,798,0.0539982503850478,0.0,0.0,,,,,
798,799,38919,799,0.0586529888724908,0.0,0.0,,,,,
799,800,38952,800,0.0480216246680356,0.0,0.0,,,,,
800,801,38993,801,0.0378075281227938,0.0,0.0,0.0348047227668575,1.0,1.0,,
801,802,39042,802,0.0234315789149453,1.0,1.0,,,,,
802,803,39091,803,0.0366925963635245,0.0,0.0,,,,,
803,804,39124,804,0.0461287502455525,0.0,0.0,,,,,
804,805,39237,805,0.032947274367325,0.0,0.0,,,,,
805,806,39270,806,0.0769856984872603,0.0,0.0,,,,,
806,807,39311,807,0.0459431655332446,0.0,0.0,,,,,
807,808,39368,808,0.0460218262592596,0.0,0.0,,,,,
808,809,39417,809,0.0524700960788565,0.0,0.0,0.031088947764947,1.0,1.0,,
809,810,39490,810,0.0360091019111375,0.0,0.0,,,,,
810,811,39531,811,0.0391964652892202,0.0,0.0,,,,,
811,812,39588,812,0.0330699898182813,0.0,0.0,,,,,
812,813,39621,813,0.044440213413909,1.0,1.0,,,,,
813,814,39670,814,0.0416370287165045,1.0,1.0,,,,,
814,815,39719,815,0.0281033126854648,1.0,1.0,,,,,
815,816,39784,816,0.0237886322458507,1.0,1.0,,,,,
816,817,39817,817,0.0306327831745147,1.0,1.0,0.0336698326095938,1.0,1.0,,
817,818,39866,818,0.035253468916441,1.0,1.0,,,,,
818,819,39923,819,0.042472998372146,0.0,0.0,,,,,
819,820,39980,820,0.0500974334936056,0.0,0.0,,,,,
820,821,40029,821,0.020242597432807,1.0,1.0,,,,,
821,822,40070,822,0.0308286526463925,1.0,1.0,,,,,
822,823,40095,823,0.1213246211720009,0.0,0.0,,,,,
823,824,40128,824,0.0426762521127238,0.0,0.0,,,,,
824,825,40177,825,0.0193316408401976,1.0,1.0,0.0477975786570459,0.0,0.0,,
825,826,40226,826,0.0533609064078579,0.0,0.0,,,,,
826,827,40259,827,0.0593980785831809,0.0,0.0,,,,,
827,828,40300,828,0.0499680163748562,0.0,0.0,,,,,
828,829,40349,829,0.0430685169909459,0.0,0.0,,,,,
829,830,40374,830,0.0504591087872783,1.0,1.0,,,,,
830,831,40423,831,0.0202159638524365,1.0,1.0,,,,,
831,832,40464,832,0.0388855684772133,1.0,1.0,,,,,
832,833,40505,833,0.0250494188349694,1.0,1.0,0.0393401283041263,0.0,0.0,,
833,834,40538,834,0.0427359898993745,1.0,1.0,,,,,
834,835,40635,835,0.0311662997639117,0.0,0.0,,,,,
835,836,40668,836,0.0601967203198,0.0,0.0,,,,,
836,837,40709,837,0.0355975949838757,1.0,1.0,,,,,
837,838,40734,838,0.0467694525637974,1.0,1.0,,,,,
838,839,40799,839,0.028193505675299,1.0,1.0,,,,,
839,840,40848,840,0.0384826636997361,1.0,1.0,,,,,
840,841,40881,841,0.0389284881320782,1.0,1.0,0.0280754162916647,1.0,1.0,,
841,842,40906,842,0.0525493545643985,1.0,1.0,,,,,
842,843,40947,843,0.0347530663982033,1.0,1.0,,,,,
843,844,41012,844,0.0522482515370938,0.0,0.0,,,,,
844,845,41045,845,0.0546914799546357,0.0,0.0,,,,,
845,846,41102,846,0.0209371782945735,1.0,1.0,,,,,
846,847,41143,847,0.058805859286338,0.0,0.0,,,,,
847,848,41184,848,0.0527349996464327,0.0,0.0,,,,,
848,849,41241,849,0.0290092974329101,1.0,1.0,0.0330741418168569,0.0,0.0,,
849,850,41282,850,0.0567189403548836,0.0,0.0,,,,,
850,851,41331,851,0.0436963116734599,0.0,0.0,,,,,
851,852,41372,852,0.0350256108809262,1.0,1.0,,,,,
852,853,41421,853,0.0290858450019732,1.0,1.0,,,,,
853,854,41478,854,0.0309092698066628,1.0,1.0,,,,,
854,855,41535,855,0.0329605128888839,0.0,0.0,,,,,
855,856,41576,856,0.0398737670606933,0.0,0.0,,,,,
856,857,41617,857,0.0620870880656875,0.0,0.0,0.036302291676402,1.0,1.0,,
857,858,41658,858,0.0777904953639954,0.0,0.0,,,,,
858,859,41683,859,0.1509906644870837,0.0,0.0,,,,,
859,860,41732,860,0.0387527774600312,0.0,0.0,,,,,
860,861,41797,861,0.0279309664038009,0.0,0.0,,,,,
861,862,41830,862,0.0656448203301988,0.0,0.0,,,,,
862,863,41855,863,0.0509586276176075,1.0,1.0,,,,,
863,864,41904,864,0.0405696784867905,0.0,0.0,,,,,
864,865,41945,865,0.0323904301282018,1.0,1.0,0.0314784570288611,1.0,1.0,,
865,866,41986,866,0.0181723413767758,1.0,1.0,,,,0.4704687595367431,0.4051745961286112
866,867,42035,867,0.0324470990349072,1.0,1.0,,,,,
867,868,42068,868,0.038977034096606,1.0,1.0,,,,,
868,869,42085,869,0.0522588218562305,1.0,1.0,,,,,
869,870,42126,870,0.0534899258324876,0.0,0.0,,,,,
870,871,42167,871,0.0470064536817371,0.0,0.0,,,,,
871,872,42192,872,0.0799321244532863,0.0,0.0,,,,,
872,873,42233,873,0.0224477953100577,1.0,1.0,0.02055716484203,1.0,1.0,,
873,874,42306,874,0.0340558954297254,0.0,0.0,,,,,
874,875,42355,875,0.0317007924934538,1.0,1.0,,,,,
875,876,42428,876,0.0329085556557402,0.0,0.0,,,,,
876,877,42485,877,0.0465760491216289,0.0,0.0,,,,,
877,878,42550,878,0.0467397956145578,0.0,0.0,,,,,
878,879,42607,879,0.0415909910641078,0.0,0.0,,,,,
879,880,42640,880,0.1323514152382267,0.0,0.0,,,,,
880,881,42673,881,0.056891368998331,0.0,0.0,0.0225180190172977,1.0,1.0,,
881,882,42738,882,0.0416801997314905,0.0,0.0,,,,,
882,883,42771,883,0.0607446369295939,0.0,0.0,,,,,
883,884,42820,884,0.0412147042566599,0.0,0.0,,,,,
884,885,42853,885,0.025688766882522,1.0,1.0,,,,,
885,886,42894,886,0.0232417404283769,1.0,1.0,,,,,
886,887,42927,887,0.0536675522103905,0.0,0.0,,,,,
887,888,42960,888,0.0528745859744958,0.0,0.0,,,,,
888,889,42985,889,0.0414862046639124,1.0,1.0,0.0660294944606721,0.0,0.0,,
889,890,43034,890,0.0381110248994082,0.0,0.0,,,,,
890,891,43075,891,0.038453682645224,1.0,1.0,,,,,
891,892,43132,892,0.0281261197025222,1.0,1.0,,,,,
892,893,43197,893,0.0352481144177727,0.0,0.0,,,,,
893,894,43246,894,0.0401140441171204,0.0,0.0,,,,,
894,895,43279,895,0.0429289050307124,0.0,0.0,,,,,
895,896,43336,896,0.0362381410226225,0.0,0.0,,,,,
896,897,43369,897,0.0464657336473464,1.0,1.0,0.0330951480491785,1.0,1.0,,
897,898,43482,898,0.0134722185218041,1.0,1.0,,,,,
898,899,43523,899,0.0388443144354969,0.0,0.0,,,,,
899,900,43572,900,0.0352871114888694,0.0,0.0,,,,,
900,901,43629,901,0.0297076205915904,1.0,1.0,,,,,
901,902,43678,902,0.0292669337211797,1.0,1.0,,,,,
902,903,43711,903,0.0547372627537697,0.0,0.0,,,,,
903,904,43744,904,0.0309213578392518,1.0,1.0,,,,,
904,905,43785,905,0.0229848362207412,1.0,1.0,0.0630320052057504,0.0,0.0,,
905,906,43850,906,0.0210619219208456,1.0,1.0,,,,,
906,907,43883,907,0.0302445350773632,1.0,1.0,,,,,
907,908,43932,908,0.0305279134986146,0.0,0.0,,,,,
908,909,44005,909,0.0363993262778967,0.0,0.0,,,,,
909,910,44070,910,0.0434352753640269,0.0,0.0,,,,,
910,911,44135,911,0.049747451441317,0.0,0.0,,,,,
911,912,44168,912,0.0257701141845609,1.0,1.0,,,,,
912,913,44209,913,0.0437615273706614,0.0,0.0,0.028317929041971,0.0,0.0,,
913,914,44242,914,0.0300079709524288,1.0,1.0,,,,,
914,915,44275,915,0.0263798553496599,1.0,1.0,,,,,
915,916,44308,916,0.0326220939890481,1.0,1.0,,,,,
916,917,44365,917,0.0499865051714004,0.0,0.0,,,,,
917,918,44406,918,0.0343140960019081,0.0,0.0,,,,,
918,919,44471,919,0.0379076823644572,0.0,0.0,,,,,
919,920,44504,920,0.0799571844632737,0.0,0.0,,,,,
920,921,44529,921,0.0178006735738987,1.0,1.0,0.0643051793577615,0.0,0.0,,
921,922,44570,922,0.0300431139543652,1.0,1.0,,,,,
922,923,44627,923,0.0328903959704829,1.0,1.0,,,,,
923,924,44660,924,0.0297710100328549,1.0,1.0,,,,,
924,925,44717,925,0.0205179005302488,1.0,1.0,,,,,
925,926,44750,926,0.026540058820392,1.0,1.0,,,,,
926,927,44839,927,0.0355870869704151,0.0,0.0,,,,,
927,928,44896,928,0.0223569747023949,1.0,1.0,,,,,
928,929,44913,929,0.1423650532538886,0.0,0.0,0.0770751193264732,0.0,0.0,,
929,930,44930,930,0.10333570394665,0.0,0.0,,,,,
930,931,44995,931,0.046791023047408,0.0,0.0,,,,,
931,932,45036,932,0.0260388818723149,1.0,1.0,,,,,
932,933,45085,933,0.0424616486749922,0.0,0.0,,,,,
933,934,45118,934,0.0919391091237776,0.0,0.0,,,,,
934,935,45159,935,0.0238519669696688,1.0,1.0,,,,,
935,936,45208,936,0.0266317374895637,1.0,1.0,,,,,
936,937,45249,937,0.0640759731102735,0.0,0.0,0.0350113411185642,1.0,1.0,,
937,938,45298,938,0.0270212166942655,1.0,1.0,,,,,
938,939,45331,939,0.0407962064770981,0.0,0.0,,,,,
939,940,45404,940,0.0311443388803551,1.0,1.0,,,,,
940,941,45453,941,0.0280185764670992,1.0,1.0,,,,,
941,942,45502,942,0.025700301292818,1.0,1.0,,,,,
942,943,45551,943,0.0362831230391748,0.0,0.0,,,,,
943,944,45592,944,0.0327920268215239,1.0,1.0,,,,,
944,945,45625,945,0.0585879842983558,0.0,0.0,0.0323978029138275,1.0,1.0,,
945,946,45674,946,0.0305249984950448,0.0,0.0,,,,,
946,947,45707,947,0.0221675238199532,1.0,1.0,,,,,
947,948,45748,948,0.0379150398774072,0.0,0.0,,,,,
948,949,45813,949,0.0317048538900417,0.0,0.0,,,,,
949,950,45870,950,0.0359931229038297,0.0,0.0,,,,,
950,951,45911,951,0.057803798828274,0.0,0.0,,,,,
951,952,45960,952,0.032297074640907,0.0,0.0,,,,,
952,953,45985,953,0.0822302346117794,0.0,0.0,0.0963518715742975,0.0,0.0,,
953,954,46026,954,0.0307187371607869,1.0,1.0,,,,,
954,955,46059,955,0.0402315235475543,0.0,0.0,,,,,
955,956,46092,956,0.0496758498740382,1.0,1.0,,,,,
956,957,46133,957,0.026141926436685,1.0,1.0,,,,,
957,958,46198,958,0.0315612704673549,0.0,0.0,,,,,
958,959,46231,959,0.0468740909849293,1.0,1.0,,,,,
959,960,46288,960,0.0386208835876147,0.0,0.0,,,,,
960,961,46345,961,0.0402136351106621,0.0,0.0,0.0443646170478314,0.0,0.0,,
961,962,46402,962,0.0187885354862581,1.0,1.0,,,,,
962,963,46443,963,0.0223517561289481,1.0,1.0,,,,,
963,964,46468,964,0.0821172170589367,0.0,0.0,,,,,
964,965,46501,965,0.0795899209374329,0.0,0.0,,,,,
965,966,46550,966,0.0165944322801078,1.0,1.0,,,,,
966,967,46591,967,0.0455125513223465,0.0,0.0,,,,,
967,968,46624,968,0.052239068763738,0.0,0.0,,,,,
968,969,46657,969,0.0460173028847202,0.0,0.0,0.0507933131116442,0.0,0.0,,
969,970,46746,970,0.0258513870960186,1.0,1.0,,,,,
970,971,46795,971,0.0743215722543633,0.0,0.0,,,,,
971,972,46820,972,0.0401215275501211,1.0,1.0,,,,,
972,973,46869,973,0.0147639062144056,1.0,1.0,,,,,
973,974,46918,974,0.0312042502484594,0.0,0.0,,,,,
974,975,46951,975,0.0272722830774728,1.0,1.0,,,,,
975,976,46984,976,0.0473097002424765,0.0,0.0,,,,,
976,977,47057,977,0.0286078287617904,0.0,0.0,0.0280628351015038,1.0,1.0,,
977,978,47106,978,0.0369917277945205,0.0,0.0,,,,,
978,979,47147,979,0.0379815175123512,1.0,1.0,,,,,
979,980,47196,980,0.0256281636035419,1.0,1.0,,,,,
980,981,47221,981,0.0426507361512631,1.0,1.0,,,,,
981,982,47270,982,0.0247534923243802,1.0,1.0,,,,,
982,983,47295,983,0.0307679384667426,1.0,1.0,,,,,
983,984,47328,984,0.0348803180956747,1.0,1.0,,,,,
984,985,47361,985,0.0451909226551651,1.0,1.0,0.0428259191070683,0.0,0.0,,
985,986,47450,986,0.0273532024051316,0.0,0.0,,,,,
986,987,47523,987,0.0301934070347083,0.0,0.0,,,,,
987,988,47588,988,0.0212150738888885,1.0,1.0,,,,,
988,989,47629,989,0.0168262973438249,1.0,1.0,,,,,
989,990,47678,990,0.0624672083125915,0.0,0.0,,,,,
990,991,47735,991,0.040827948482308,0.0,0.0,,,,,
991,992,47792,992,0.0139576211229099,1.0,1.0,,,,,
992,993,47833,993,0.0491310064494609,0.0,0.0,0.0107211056316737,1.0,1.0,,
993,994,47890,994,0.0466525860919084,0.0,0.0,,,,,
994,995,47923,995,0.0441800733050331,1.0,1.0,,,,,
995,996,47988,996,0.0298875332871102,0.0,0.0,,,,,
996,997,48045,997,0.0129711278780762,1.0,1.0,,,,,
997,998,48078,998,0.0227641887514619,1.0,1.0,,,,,
998,999,48127,999,0.0647646180955537,0.0,0.0,,,,,
999,1000,48152,1000,0.0490371852740645,1.0,1.0,,,,,
1000,1001,48185,1001,0.0383543369278777,0.0,0.0,0.0171318928035907,1.0,1.0,,
1001,1002,48266,1002,0.0443047912295442,0.0,0.0,,,,,
1002,1003,48307,1003,0.0183058214839547,1.0,1.0,,,,,
1003,1004,48348,1004,0.0588049046830274,0.0,0.0,,,,,
1004,1005,48373,1005,0.0638781502501418,0.0,0.0,,,,,
1005,1006,48438,1006,0.0196486665582051,1.0,1.0,,,,,
1006,1007,48471,1007,0.0467508288554381,1.0,1.0,,,,,
1007,1008,48520,1008,0.0256672928885867,1.0,1.0,,,,,
1008,1009,48569,1009,0.0312685165488316,0.0,0.0,0.0617701973330362,0.0,0.0,,
1009,1010,48618,1010,0.0211650876002386,1.0,1.0,,,,,
1010,1011,48659,1011,0.0293379813991487,1.0,1.0,,,,,
1011,1012,48708,1012,0.0460493533775055,0.0,0.0,,,,,
1012,1013,48805,1013,0.021819064222509,1.0,1.0,,,,,
1013,1014,48846,1014,0.0599272323024924,0.0,0.0,,,,,
1014,1015,48903,1015,0.0296423718739034,1.0,1.0,,,,,
1015,1016,48968,1016,0.0343328403083432,0.0,0.0,,,,,
1016,1017,49025,1017,0.0239366119870516,1.0,1.0,0.0310108514112071,0.0,0.0,,
1017,1018,49074,1018,0.0423940537637099,0.0,0.0,,,,,
1018,1019,49115,1019,0.0364128217063844,0.0,0.0,,,,,
1019,1020,49172,1020,0.039869040613994,0.0,0.0,,,,,
1020,1021,49229,1021,0.0255180734751879,1.0,1.0,,,,,
1021,1022,49278,1022,0.0236277885820406,1.0,1.0,,,,,
1022,1023,49367,1023,0.0207372854911425,1.0,1.0,,,,,
1023,1024,49432,1024,0.0330483231967082,0.0,0.0,,,,,
1024,1025,49465,1025,0.0188200570328626,1.0,1.0,0.0690176213082546,0.0,0.0,,
1025,1026,49514,1026,0.0313342250875818,1.0,1.0,,,,,
1026,1027,49563,1027,0.0247798058250919,1.0,1.0,,,,,
1027,1028,49604,1028,0.0418992260992527,0.0,0.0,,,,,
1028,1029,49629,1029,0.0383214202585319,1.0,1.0,,,,,
1029,1030,49678,1030,0.0387390999961644,0.0,0.0,,,,,
1030,1031,49735,1031,0.0441085031478931,0.0,0.0,,,,,
1031,1032,49784,1032,0.027575488165797,1.0,1.0,,,,,
1032,1033,49833,1033,0.0181443726991225,1.0,1.0,0.0488661367818713,1.0,1.0,,
1033,1034,49866,1034,0.0649633278604596,0.0,0.0,,,,,
1034,1035,49931,1035,0.0293608915503136,1.0,1.0,,,,,
1035,1036,49956,1036,0.0620754861334959,0.0,0.0,,,,,
1036,1037,50021,1037,0.0246204784188012,1.0,1.0,,,,,
1037,1038,50102,1038,0.0251789101110043,0.0,0.0,,,,,
1038,1039,50223,1039,0.0252915713682305,0.0,0.0,,,,,
1039,1040,50272,1040,0.042701569214308,0.0,0.0,,,,,
1040,1041,50337,1041,0.0416925407247617,0.0,0.0,0.0279244564143009,1.0,1.0,,
1041,1042,50378,1042,0.0388643871545791,0.0,0.0,,,,,
1042,1043,50411,1043,0.0409214407688705,0.0,0.0,,,,,
1043,1044,50460,1044,0.0350747112438936,0.0,0.0,,,,,
1044,1045,50493,1045,0.0178449824669223,1.0,1.0,,,,,
1045,1046,50534,1046,0.0667055106339976,0.0,0.0,,,,,
1046,1047,50615,1047,0.0290812112974235,1.0,1.0,,,,,
1047,1048,50656,1048,0.0362438397598452,1.0,1.0,,,,,
1048,1049,50705,1049,0.0406683493366775,0.0,0.0,0.042153629067886,0.0,0.0,,
1049,1050,50778,1050,0.0354005039784695,0.0,0.0,,,,,
1050,1051,50835,1051,0.0156472961955088,1.0,1.0,,,,,
1051,1052,50900,1052,0.0326951243160874,0.0,0.0,,,,,
1052,1053,50941,1053,0.0317260612165555,1.0,1.0,,,,,
1053,1054,50982,1054,0.0380251980829052,1.0,1.0,,,,,
1054,1055,51015,1055,0.0215240219881525,1.0,1.0,,,,,
1055,1056,51056,1056,0.0341938210403313,1.0,1.0,,,,,
1056,1057,51097,1057,0.0221749402675777,1.0,1.0,0.0385922475196421,0.0,0.0,,
1057,1058,51154,1058,0.0325777535560441,0.0,0.0,,,,,
1058,1059,51179,1059,0.0446414858847856,1.0,1.0,,,,,
1059,1060,51228,1060,0.0263145578718588,1.0,1.0,,,,,
1060,1061,51277,1061,0.0308538862488543,1.0,1.0,,,,,
1061,1062,51358,1062,0.0217570567396469,1.0,1.0,,,,,
1062,1063,51399,1063,0.0683669201640877,0.0,0.0,,,,,
1063,1064,51456,1064,0.0289530047548136,1.0,1.0,,,,,
1064,1065,51497,1065,0.0629173556491732,0.0,0.0,0.0650056284340098,0.0,0.0,,
1065,1066,51522,1066,0.0397304064547643,1.0,1.0,,,,,
1066,1067,51555,1067,0.0350903561501763,1.0,1.0,,,,,
1067,1068,51588,1068,0.0174971092038322,1.0,1.0,,,,,
1068,1069,51629,1069,0.0487158982958644,0.0,0.0,,,,,
1069,1070,51742,1070,0.0231571703011702,1.0,1.0,,,,,
1070,1071,51783,1071,0.027618204889819,1.0,1.0,,,,,
1071,1072,51816,1072,0.0737965522729791,0.0,0.0,,,,,
1072,1073,51841,1073,0.0409141949339148,1.0,1.0,0.0168233960940103,1.0,1.0,,
1073,1074,51882,1074,0.028197430005297,1.0,1.0,,,,,
1074,1075,51915,1075,0.0491388284764252,0.0,0.0,,,,,
1075,1076,51948,1076,0.0220095003809547,1.0,1.0,,,,,
1076,1077,51981,1077,0.0497083479294087,1.0,1.0,,,,,
1077,1078,52030,1078,0.036544368629305,0.0,0.0,,,,,
1078,1079,52071,1079,0.0695055256653577,0.0,0.0,,,,,
1079,1080,52168,1080,0.0407448860102643,0.0,0.0,,,,,
1080,1081,52201,1081,0.0207850479602348,1.0,1.0,0.0252238111807188,1.0,1.0,,
1081,1082,52234,1082,0.0520440678973682,0.0,0.0,,,,,
1082,1083,52275,1083,0.0553829682308714,0.0,0.0,,,,,
1083,1084,52332,1084,0.0341898594824929,1.0,1.0,,,,,
1084,1085,52373,1085,0.0460665770813357,0.0,0.0,,,,,
1085,1086,52422,1086,0.0255135336526048,1.0,1.0,,,,,
1086,1087,52479,1087,0.026097387033182,1.0,1.0,,,,,
1087,1088,52568,1088,0.0316381390308114,0.0,0.0,,,,,
1088,1089,52617,1089,0.0417509811171718,0.0,0.0,0.0349472674263718,0.0,0.0,,
1089,1090,52682,1090,0.0319611823206378,0.0,0.0,,,,,
1090,1091,52731,1091,0.0322626927339782,1.0,1.0,,,,,
1091,1092,52764,1092,0.025573841498699,1.0,1.0,,,,,
1092,1093,52821,1093,0.0337706728502442,0.0,0.0,,,,,
1093,1094,52862,1094,0.0397067884802818,0.0,0.0,,,,,
1094,1095,52919,1095,0.0266300078098928,1.0,1.0,,,,,
1095,1096,52944,1096,0.0267294159842034,1.0,1.0,,,,,
1096,1097,52969,1097,0.0333972695469856,1.0,1.0,0.0603037064820528,0.0,0.0,,
1097,1098,53002,1098,0.0710499550926033,0.0,0.0,,,,,
1098,1099,53051,1099,0.0445165676188965,0.0,0.0,,,,,
1099,1100,53092,1100,0.067194672204554,0.0,0.0,,,,,
1100,1101,53149,1101,0.0360477083841604,1.0,1.0,,,,,
1101,1102,53182,1102,0.0338299844821449,1.0,1.0,,,,,
1102,1103,53215,1103,0.0632681373873492,0.0,0.0,,,,,
1103,1104,53280,1104,0.0309414063591975,1.0,1.0,,,,,
1104,1105,53369,1105,0.0454622560184956,0.0,0.0,0.031278735512169,1.0,1.0,,
1105,1106,53426,1106,0.0337161078282432,0.0,0.0,,,,,
1106,1107,53459,1107,0.0173289184598252,1.0,1.0,,,,,
1107,1108,53516,1108,0.0386468896718828,0.0,0.0,,,,,
1108,1109,53565,1109,0.0585633002485459,0.0,0.0,,,,,
1109,1110,53606,1110,0.0424237940125167,0.0,0.0,,,,,
1110,1111,53703,1111,0.0249611432522457,0.0,0.0,,,,,
1111,1112,53744,1112,0.0336338991522789,1.0,1.0,,,,,
1112,1113,53777,1113,0.0165127335162833,1.0,1.0,0.0339401378442666,0.0,0.0,,
1113,1114,53826,1114,0.0193840999590853,1.0,1.0,,,,,
1114,1115,53867,1115,0.028916347077582,1.0,1.0,,,,,
1115,1116,53916,1116,0.0375892064992028,0.0,0.0,,,,,
1116,1117,53965,1117,0.036126582083137,1.0,1.0,,,,,
1117,1118,54014,1118,0.0492421858571469,0.0,0.0,,,,,
1118,1119,54079,1119,0.0361979240342043,0.0,0.0,,,,,
1119,1120,54112,1120,0.0410534236574312,1.0,1.0,,,,,
1120,1121,54177,1121,0.0324074968484637,1.0,1.0,0.0353681478752858,0.0,0.0,,
1121,1122,54194,1122,0.1321351144649088,0.0,0.0,,,,,
1122,1123,54251,1123,0.0255799389790211,1.0,1.0,,,,,
1123,1124,54292,1124,0.0379690032047219,0.0,0.0,,,,,
1124,1125,54341,1125,0.0307968903441602,1.0,1.0,,,,,
1125,1126,54390,1126,0.0355768571351654,1.0,1.0,,,,,
1126,1127,54463,1127,0.0281803298167263,1.0,1.0,,,,,
1127,1128,54536,1128,0.0218030656744829,1.0,1.0,,,,,
1128,1129,54569,1129,0.0223720673169009,1.0,1.0,0.0472351712698582,0.0,0.0,,
1129,1130,54610,1130,0.0241133128460496,1.0,1.0,,,,,
1130,1131,54659,1131,0.0204322130209766,1.0,1.0,,,,,
1131,1132,54692,1132,0.0327169924031477,1.0,1.0,,,,,
1132,1133,54725,1133,0.0196012448787223,1.0,1.0,,,,,
1133,1134,54766,1134,0.0627796166916377,0.0,0.0,,,,,
1134,1135,54959,1135,0.0228565753734195,0.0,0.0,,,,,
1135,1136,55016,1136,0.0365348736223365,1.0,1.0,,,,,
1136,1137,55057,1137,0.0450128262545913,0.0,0.0,0.062505104469601,0.0,0.0,,
1137,1138,55106,1138,0.0147369961393997,1.0,1.0,,,,,
1138,1139,55155,1139,0.0175611947236272,1.0,1.0,,,,,
1139,1140,55188,1140,0.0298631629091687,1.0,1.0,,,,,
1140,1141,55253,1141,0.0522919723181985,0.0,0.0,,,,,
1141,1142,55294,1142,0.0321632827334105,1.0,1.0,,,,,
1142,1143,55367,1143,0.0545722248709191,0.0,0.0,,,,,
1143,1144,55424,1144,0.0400844295894993,0.0,0.0,,,,,
1144,1145,55465,1145,0.0301990546602755,1.0,1.0,0.0147000764822587,1.0,1.0,,
1145,1146,55514,1146,0.023303197127146,1.0,1.0,,,,,
1146,1147,55563,1147,0.0517183786863461,0.0,0.0,,,,,
1147,1148,55628,1148,0.012314151586761,1.0,1.0,,,,,
1148,1149,55669,1149,0.0487501335600391,0.0,0.0,,,,,
1149,1150,55702,1150,0.0325186427336302,1.0,1.0,,,,,
1150,1151,55743,1151,0.0212580408845096,1.0,1.0,,,,,
1151,1152,55784,1152,0.0349909056839533,0.0,0.0,,,,,
1152,1153,55817,1153,0.0201218392490409,1.0,1.0,0.0246959134913049,1.0,1.0,,
1153,1154,55866,1154,0.0503987194869356,0.0,0.0,,,,,
1154,1155,55907,1155,0.009413061697036,1.0,1.0,,,,,
1155,1156,55956,1156,0.0319703729078173,0.0,0.0,,,,,
1156,1157,55997,1157,0.0825749469585716,0.0,0.0,,,,,
1157,1158,56062,1158,0.0293139734986471,0.0,0.0,,,,,
1158,1159,56151,1159,0.0188296917965635,1.0,1.0,,,,,
1159,1160,56184,1160,0.0383987079351209,1.0,1.0,,,,,
1160,1161,56233,1161,0.0448354185558855,0.0,0.0,0.028720266089575,0.0,0.0,,
1161,1162,56290,1162,0.0273067870024325,1.0,1.0,,,,,
1162,1163,56331,1163,0.0377930585963185,1.0,1.0,,,,,
1163,1164,56380,1164,0.0427002069167792,1.0,1.0,,,,,
1164,1165,56405,1165,0.1188552591499562,0.0,0.0,,,,,
1165,1166,56422,1166,0.1016488247970119,0.0,0.0,,,,,
1166,1167,56471,1167,0.0449192632098371,0.0,0.0,,,,,
1167,1168,56504,1168,0.0286243538791313,1.0,1.0,,,,,
1168,1169,56561,1169,0.0295795264770276,1.0,1.0,0.0353817651709541,1.0,1.0,,
1169,1170,56610,1170,0.0344991953019052,1.0,1.0,,,,,
1170,1171,56651,1171,0.0266485169918742,1.0,1.0,,,,,
1171,1172,56692,1172,0.0745345742683857,0.0,0.0,,,,,
1172,1173,56821,1173,0.0154917612993449,1.0,1.0,,,,,
1173,1174,56862,1174,0.018075738241896,1.0,1.0,,,,,
1174,1175,56927,1175,0.0209360884956549,1.0,1.0,,,,,
1175,1176,56960,1176,0.031177914905129,1.0,1.0,,,,,
1176,1177,56993,1177,0.0430747977158171,0.0,0.0,0.0285905335789721,0.0,0.0,,
1177,1178,57026,1178,0.0431921097496524,0.0,0.0,,,,,
1178,1179,57067,1179,0.0146033628149889,1.0,1.0,,,,,
1179,1180,57172,1180,0.0368295840010978,0.0,0.0,,,,,
1180,1181,57221,1181,0.0149951489518086,1.0,1.0,,,,,
1181,1182,57278,1182,0.0342820272082462,0.0,0.0,,,,,
1182,1183,57319,1183,0.0465546648865565,0.0,0.0,,,,,
1183,1184,57344,1184,0.0251433227599288,1.0,1.0,,,,,
1184,1185,57393,1185,0.012837694264017,1.0,1.0,0.0154460757256198,1.0,1.0,,
1185,1186,57442,1186,0.0109099066179866,1.0,1.0,,,,,
1186,1187,57491,1187,0.0231753253052011,1.0,1.0,,,,,
1187,1188,57524,1188,0.0439665060071274,0.0,0.0,,,,,
1188,1189,57565,1189,0.0353001011051237,1.0,1.0,,,,,
1189,1190,57606,1190,0.0467536928269546,0.0,0.0,,,,,
1190,1191,57647,1191,0.0284488502196036,1.0,1.0,,,,,
1191,1192,57680,1192,0.0342963654373306,1.0,1.0,,,,,
1192,1193,57713,1193,0.0789896729122847,0.0,0.0,0.0616157951237013,0.0,0.0,,
1193,1194,57762,1194,0.0691999292109782,0.0,0.0,,,,,
1194,1195,57787,1195,0.0363862360610316,1.0,1.0,,,,,
1195,1196,57852,1196,0.0351117044291459,0.0,0.0,,,,,
1196,1197,57893,1197,0.0392679829052649,0.0,0.0,,,,,
1197,1198,57950,1198,0.0297641410972989,0.0,0.0,,,,,
1198,1199,58023,1199,0.0239136011204552,1.0,1.0,,,,,
1199,1200,58048,1200,0.0435641404055058,1.0,1.0,,,,,
1200,1201,58113,1201,0.0450890599947888,0.0,0.0,0.0287991360609885,1.0,1.0,,
1201,1202,58162,1202,0.0608556594885885,0.0,0.0,,,,,
1202,1203,58195,1203,0.0315309092728421,1.0,1.0,,,,,
1203,1204,58252,1204,0.0195154163351149,1.0,1.0,,,,,
1204,1205,58293,1205,0.0447626838572323,0.0,0.0,,,,,
1205,1206,58334,1206,0.0390419472530484,1.0,1.0,,,,,
1206,1207,58399,1207,0.016238145630632,1.0,1.0,,,,,
1207,1208,58464,1208,0.0161160055460641,1.0,1.0,,,,,
1208,1209,58529,1209,0.0240549802151508,1.0,1.0,0.0184916160051943,1.0,1.0,,
1209,1210,58562,1210,0.0358477833960205,1.0,1.0,,,,,
1210,1211,58627,1211,0.0258767963279387,1.0,1.0,,,,,
1211,1212,58676,1212,0.0230934408978403,1.0,1.0,,,,,
1212,1213,58725,1213,0.025067860847727,1.0,1.0,,,,,
1213,1214,58774,1214,0.0359798824071185,0.0,0.0,,,,,
1214,1215,58831,1215,0.0393602900582897,0.0,0.0,,,,,
1215,1216,58848,1216,0.0843857690924778,0.0,0.0,,,,,
1216,1217,58889,1217,0.0347604054096154,1.0,1.0,0.0488080560825099,0.0,0.0,,
1217,1218,58922,1218,0.0624530415795743,0.0,0.0,,,,,
1218,1219,58963,1219,0.0180651563010178,1.0,1.0,,,,,
1219,1220,58996,1220,0.0526255521550774,0.0,0.0,,,,,
1220,1221,59045,1221,0.0156733006269981,1.0,1.0,,,,,
1221,1222,59094,1222,0.0294827728268379,1.0,1.0,,,,,
1222,1223,59135,1223,0.0224037821399979,1.0,1.0,,,,,
1223,1224,59160,1224,0.0969169938936829,0.0,0.0,,,,,
1224,1225,59193,1225,0.0250294216469046,1.0,1.0,0.0228557137415433,1.0,1.0,,
1225,1226,59226,1226,0.0612775574880652,0.0,0.0,,,,,
1226,1227,59259,1227,0.0186042182787787,1.0,1.0,,,,,
1227,1228,59316,1228,0.0336975899009433,1.0,1.0,,,,,
1228,1229,59349,1229,0.0466137824172619,0.0,0.0,,,,,
1229,1230,59390,1230,0.0229990069931373,1.0,1.0,,,,,
1230,1231,59423,1231,0.0562264767382293,0.0,0.0,,,,,
1231,1232,59480,1232,0.0223679112070905,1.0,1.0,,,,,
1232,1233,59561,1233,0.0324216808588244,0.0,0.0,0.0519508470850996,0.0,0.0,,
1233,1234,59594,1234,0.0451772036205511,0.0,0.0,,,,,
1234,1235,59643,1235,0.0283280491629072,1.0,1.0,,,,,
1235,1236,59708,1236,0.0405301395873539,0.0,0.0,,,,,
1236,1237,59757,1237,0.0323305529984645,1.0,1.0,,,,,
1237,1238,59790,1238,0.0727733784774318,0.0,0.0,,,,,
1238,1239,59823,1239,0.0271048345672898,1.0,1.0,,,,,
1239,1240,59888,1240,0.015228564034769,1.0,1.0,,,,,
1240,1241,59953,1241,0.0297981219753273,1.0,1.0,0.0313462766973922,1.0,1.0,,
1241,1242,59994,1242,0.0288574395207688,1.0,1.0,,,,,
1242,1243,60075,1243,0.0148965286528691,1.0,1.0,,,,,
1243,1244,60132,1244,0.0190201786200382,1.0,1.0,,,,,
1244,1245,60173,1245,0.0490444844602607,0.0,0.0,,,,,
1245,1246,60214,1246,0.0140569722075015,1.0,1.0,,,,,
1246,1247,60295,1247,0.0317088609583443,0.0,0.0,,,,,
1247,1248,60360,1248,0.0339101730643596,0.0,0.0,,,,,
1248,1249,60401,1249,0.0377160806618631,0.0,0.0,0.0559770543128252,0.0,0.0,,
1249,1250,60442,1250,0.0326899192333221,1.0,1.0,,,,,
1250,1251,60483,1251,0.0229310698346234,1.0,1.0,,,,,
1251,1252,60532,1252,0.0493168422346934,0.0,0.0,,,,,
1252,1253,60589,1253,0.0426679171340739,1.0,1.0,,,,,
1253,1254,60622,1254,0.0388059225075994,1.0,1.0,,,,,
1254,1255,60671,1255,0.0388099354505539,0.0,0.0,,,,,
1255,1256,60704,1256,0.0668946083055925,0.0,0.0,,,,,
1256,1257,60745,1257,0.022871089335531,1.0,1.0,0.033640341295395,1.0,1.0,,
1257,1258,60778,1258,0.0583790100179612,0.0,0.0,,,,,
1258,1259,60835,1259,0.0521103801796146,0.0,0.0,,,,,
1259,1260,60892,1260,0.0154572615629461,1.0,1.0,,,,,
1260,1261,60925,1261,0.0285741069726645,1.0,1.0,,,,,
1261,1262,60966,1262,0.0169521432900801,1.0,1.0,,,,,
1262,1263,61167,1263,0.0231357299530878,1.0,1.0,,,,,
1263,1264,61200,1264,0.0317397288419306,1.0,1.0,,,,,
1264,1265,61249,1265,0.0658813483436097,0.0,0.0,0.0279854551036987,1.0,1.0,,
1265,1266,61290,1266,0.0379551120570395,1.0,1.0,,,,,
1266,1267,61347,1267,0.0138880562915333,1.0,1.0,,,,,
1267,1268,61396,1268,0.0332392192038241,0.0,0.0,,,,,
1268,1269,61453,1269,0.0395715591391282,1.0,1.0,,,,,
1269,1270,61510,1270,0.0187370099383406,1.0,1.0,,,,,
1270,1271,61575,1271,0.0215937447419855,1.0,1.0,,,,,
1271,1272,61608,1272,0.0189608615916222,1.0,1.0,,,,,
1272,1273,61657,1273,0.0169551302155014,1.0,1.0,0.0510301333755099,0.0,0.0,,
1273,1274,61690,1274,0.0280248867697082,1.0,1.0,,,,,
1274,1275,61739,1275,0.0384762632121176,0.0,0.0,,,,,
1275,1276,61828,1276,0.0222361132856299,1.0,1.0,,,,,
1276,1277,61877,1277,0.0283191698942876,0.0,0.0,,,,,
1277,1278,61918,1278,0.0138845279337838,1.0,1.0,,,,,
1278,1279,61943,1279,0.0431610008212737,1.0,1.0,,,,,
1279,1280,61984,1280,0.0567537432098761,0.0,0.0,,,,,
1280,1281,62033,1281,0.0117372395397008,1.0,1.0,0.0682343987802354,0.0,0.0,,
1281,1282,62066,1282,0.0326981578103732,1.0,1.0,,,,,
1282,1283,62123,1283,0.0424069280350314,0.0,0.0,,,,,
1283,1284,62180,1284,0.0280073681626734,1.0,1.0,,,,,
1284,1285,62253,1285,0.0594405658146004,0.0,0.0,,,,,
1285,1286,62310,1286,0.027428091855254,1.0,1.0,,,,,
1286,1287,62399,1287,0.0483192979730665,0.0,0.0,,,,,
1287,1288,62416,1288,0.072186004325049,1.0,1.0,,,,,
1288,1289,62457,1289,0.059521162379533,0.0,0.0,0.0320628615265845,1.0,1.0,,
1289,1290,62514,1290,0.0202594236098229,1.0,1.0,,,,,
1290,1291,62555,1291,0.0120539851239882,1.0,1.0,,,,,
1291,1292,62628,1292,0.0438849236716568,0.0,0.0,,,,,
1292,1293,62677,1293,0.0283128910713518,1.0,1.0,,,,,
1293,1294,62734,1294,0.0493116125349687,0.0,0.0,,,,,
1294,1295,62783,1295,0.0449902387421267,0.0,0.0,,,,,
1295,1296,62856,1296,0.0385313710653119,0.0,0.0,,,,,
1296,1297,62913,1297,0.0147065780496424,1.0,1.0,0.019751769516617,1.0,1.0,,
1297,1298,62962,1298,0.0206968431019534,1.0,1.0,,,,0.4923195540904999,0.4762295189842993
1298,1299,63019,1299,0.0353421778710825,1.0,1.0,,,,,
1299,1300,63036,1300,0.0641165248607285,1.0,1.0,,,,,
1300,1301,63093,1301,0.0209135055515382,1.0,1.0,,,,,
1301,1302,63126,1302,0.046547880253056,0.0,0.0,,,,,
1302,1303,63167,1303,0.0252879095086827,1.0,1.0,,,,,
1303,1304,63216,1304,0.0256048959372371,1.0,1.0,,,,,
1304,1305,63265,1305,0.0286849911604076,1.0,1.0,0.0178385142299036,1.0,1.0,,
1305,1306,63314,1306,0.0215620634809602,1.0,1.0,,,,,
1306,1307,63347,1307,0.0165984708024188,1.0,1.0,,,,,
1307,1308,63388,1308,0.0312473631110042,1.0,1.0,,,,,
1308,1309,63429,1309,0.0443532408522441,0.0,0.0,,,,,
1309,1310,63462,1310,0.0894430089314119,0.0,0.0,,,,,
1310,1311,63535,1311,0.0172176598823474,1.0,1.0,,,,,
1311,1312,63568,1312,0.0385984017202281,1.0,1.0,,,,,
1312,1313,63625,1313,0.0311896932311356,0.0,0.0,0.0329695369508117,1.0,1.0,,
1313,1314,63666,1314,0.0246911769881844,1.0,1.0,,,,,
1314,1315,63707,1315,0.0199732355335727,1.0,1.0,,,,,
1315,1316,63764,1316,0.0230336770278933,1.0,1.0,,,,,
1316,1317,63813,1317,0.0306092571273135,1.0,1.0,,,,,
1317,1318,63870,1318,0.0190892546231459,1.0,1.0,,,,,
1318,1319,63919,1319,0.0292120619309328,1.0,1.0,,,,,
1319,1320,63952,1320,0.0237978191315778,1.0,1.0,,,,,
1320,1321,63977,1321,0.0276109650242142,1.0,1.0,0.1048028173885541,1.0,1.0,,
1321,1322,64026,1322,0.0184104447241406,1.0,1.0,,,,,
1322,1323,64123,1323,0.0129309350911838,1.0,1.0,,,,,
1323,1324,64164,1324,0.0421627413975074,0.0,0.0,,,,,
1324,1325,64221,1325,0.0349375674133521,0.0,0.0,,,,,
1325,1326,64246,1326,0.0286135549843311,1.0,1.0,,,,,
1326,1327,64295,1327,0.0261108227922522,1.0,1.0,,,,,
1327,1328,64352,1328,0.0306671829401914,0.0,0.0,,,,,
1328,1329,64473,1329,0.020541687031975,1.0,1.0,0.0133132360316813,1.0,1.0,,
1329,1330,64522,1330,0.0124030746686427,1.0,1.0,,,,,
1330,1331,64555,1331,0.0345347785437479,1.0,1.0,,,,,
1331,1332,64588,1332,0.0283254472736734,1.0,1.0,,,,,
1332,1333,64653,1333,0.0382600450961763,0.0,0.0,,,,,
1333,1334,64702,1334,0.0181932162144221,1.0,1.0,,,,,
1334,1335,64719,1335,0.0329681401327252,1.0,1.0,,,,,
1335,1336,64744,1336,0.0331132494836735,1.0,1.0,,,,,
1336,1337,64785,1337,0.0302831105422228,1.0,1.0,0.0279950005585851,1.0,1.0,,
1337,1338,64818,1338,0.0134094186720903,1.0,1.0,,,,,
1338,1339,64867,1339,0.0343420805145675,0.0,0.0,,,,,
1339,1340,64908,1340,0.0227354871444404,1.0,1.0,,,,,
1340,1341,64957,1341,0.0255036240144788,1.0,1.0,,,,,
1341,1342,64998,1342,0.0344335263883695,0.0,0.0,,,,,
1342,1343,65087,1343,0.0263776376166126,0.0,0.0,,,,,
1343,1344,65168,1344,0.0270603632748825,0.0,0.0,,,,,
1344,1345,65233,1345,0.0222459354563034,1.0,1.0,0.0812868166461703,0.0,0.0,,
1345,1346,65282,1346,0.0251055822471001,1.0,1.0,,,,,
1346,1347,65323,1347,0.0216027622520923,1.0,1.0,,,,,
1347,1348,65356,1348,0.0950532279349863,0.0,0.0,,,,,
1348,1349,65421,1349,0.0228511046275525,1.0,1.0,,,,,
1349,1350,65470,1350,0.0172428709082305,1.0,1.0,,,,,
1350,1351,65559,1351,0.0175431532842445,1.0,1.0,,,,,
1351,1352,65648,1352,0.0245262910613118,1.0,1.0,,,,,
1352,1353,65777,1353,0.0113546501429664,1.0,1.0,0.0260508886425135,0.0,0.0,,
1353,1354,65810,1354,0.0185546366189373,1.0,1.0,,,,,
1354,1355,65851,1355,0.0288407705037388,1.0,1.0,,,,,
1355,1356,65884,1356,0.0284957712999312,1.0,1.0,,,,,
1356,1357,65949,1357,0.0286190043610986,1.0,1.0,,,,,
1357,1358,66022,1358,0.036411267755967,0.0,0.0,,,,,
1358,1359,66079,1359,0.0127788205198677,1.0,1.0,,,,,
1359,1360,66144,1360,0.026225230784039,0.0,0.0,,,,,
1360,1361,66193,1361,0.0451686644259219,0.0,0.0,0.0673073458128298,0.0,0.0,,
1361,1362,66226,1362,0.0156429581530392,1.0,1.0,,,,,
1362,1363,66283,1363,0.021976320181441,1.0,1.0,,,,,
1363,1364,66348,1364,0.0098928071554109,1.0,1.0,,,,,
1364,1365,66397,1365,0.0190867192693986,1.0,1.0,,,,,
1365,1366,66462,1366,0.0235242052676039,1.0,1.0,,,,,
1366,1367,66519,1367,0.0113241431477945,1.0,1.0,,,,,
1367,1368,66576,1368,0.0248761711016829,1.0,1.0,,,,,
1368,1369,66649,1369,0.021532190369649,1.0,1.0,0.0238709239736199,1.0,1.0,,
1369,1370,66690,1370,0.0264648080463521,1.0,1.0,,,,,
1370,1371,66723,1371,0.0230099929706193,1.0,1.0,,,,,
1371,1372,66772,1372,0.0147476582832556,1.0,1.0,,,,,
1372,1373,66821,1373,0.0331131380534498,1.0,1.0,,,,,
1373,1374,66862,1374,0.0287500485144555,1.0,1.0,,,,,
1374,1375,66959,1375,0.0319995006988756,0.0,0.0,,,,,
1375,1376,67000,1376,0.0161005389333004,1.0,1.0,,,,,
1376,1377,67033,1377,0.0210859178697865,1.0,1.0,0.0170776764112524,1.0,1.0,,
1377,1378,67082,1378,0.0155902661683891,1.0,1.0,,,,,
1378,1379,67147,1379,0.0194137934139871,1.0,1.0,,,,,
1379,1380,67180,1380,0.0205802299757488,1.0,1.0,,,,,
1380,1381,67205,1381,0.0573149923669795,0.0,0.0,,,,,
1381,1382,67238,1382,0.0111625299688603,1.0,1.0,,,,,
1382,1383,67295,1383,0.0138332855257405,1.0,1.0,,,,,
1383,1384,67336,1384,0.0324014220535755,1.0,1.0,,,,,
1384,1385,67385,1385,0.0225896093788712,1.0,1.0,0.0415020814862509,0.0,0.0,,
1385,1386,67418,1386,0.0296779419091763,1.0,1.0,,,,,
1386,1387,67459,1387,0.0157317016329616,1.0,1.0,,,,,
1387,1388,67508,1388,0.0318367638335136,0.0,0.0,,,,,
1388,1389,67557,1389,0.0232224996985557,1.0,1.0,,,,,
1389,1390,67606,1390,0.0327827316301409,1.0,1.0,,,,,
1390,1391,67631,1391,0.0142312312700475,1.0,1.0,,,,,
1391,1392,67664,1392,0.032147133218823,1.0,1.0,,,,,
1392,1393,67705,1393,0.0385606132430257,0.0,0.0,0.0151832977063022,1.0,1.0,,
1393,1394,67770,1394,0.0284086524895974,0.0,0.0,,,,,
1394,1395,67811,1395,0.0417206292990595,0.0,0.0,,,,,
1395,1396,67876,1396,0.0582962058768316,0.0,0.0,,,,,
1396,1397,67925,1397,0.0322369589089066,0.0,0.0,,,,,
1397,1398,68038,1398,0.0077198540910779,1.0,1.0,,,,,
1398,1399,68095,1399,0.0232653330259823,1.0,1.0,,,,,
1399,1400,68136,1400,0.0524522077380679,0.0,0.0,,,,,
1400,1401,68193,1401,0.0117144942010885,1.0,1.0,0.0425284812282188,0.0,0.0,,
1401,1402,68282,1402,0.0185659073023667,1.0,1.0,,,,,
1402,1403,68331,1403,0.0103056540637044,1.0,1.0,,,,,
1403,1404,68380,1404,0.0106505246487601,1.0,1.0,,,,,
1404,1405,68437,1405,0.0372327890350217,0.0,0.0,,,,,
1405,1406,68478,1406,0.027049008382397,1.0,1.0,,,,,
1406,1407,68519,1407,0.0193592476374469,1.0,1.0,,,,,
1407,1408,68584,1408,0.0098420674965746,1.0,1.0,,,,,
1408,1409,68633,1409,0.0379059573371584,0.0,0.0,0.0343372847108548,0.0,0.0,,
1409,1410,68666,1410,0.0622645071009174,0.0,0.0,,,,,
1410,1411,68699,1411,0.0338242762489244,1.0,1.0,,,,,
1411,1412,68764,1412,0.0240755584434555,1.0,1.0,,,,,
1412,1413,68789,1413,0.0170549409122516,1.0,1.0,,,,,
1413,1414,68838,1414,0.0193256149231456,1.0,1.0,,,,,
1414,1415,68871,1415,0.0134047450392972,1.0,1.0,,,,,
1415,1416,68920,1416,0.0233386843133484,0.0,0.0,,,,,
1416,1417,68961,1417,0.0407149105737917,1.0,1.0,0.0519833973440108,0.0,0.0,,
1417,1418,69018,1418,0.0295284605435361,0.0,0.0,,,,,
1418,1419,69035,1419,0.0251463051326572,1.0,1.0,,,,,
1419,1420,69132,1420,0.0210187945857857,0.0,0.0,,,,,
1420,1421,69173,1421,0.0146808961760252,1.0,1.0,,,,,
1421,1422,69214,1422,0.0353214909256203,0.0,0.0,,,,,
1422,1423,69271,1423,0.0324678033956193,1.0,1.0,,,,,
1423,1424,69304,1424,0.0361325938487425,1.0,1.0,,,,,
1424,1425,69353,1425,0.0236123994936254,1.0,1.0,0.019124479223683,1.0,1.0,,
1425,1426,69402,1426,0.0205370653141289,1.0,1.0,,,,,
1426,1427,69443,1427,0.02737158811884,1.0,1.0,,,,,
1427,1428,69492,1428,0.0096338760507448,1.0,1.0,,,,,
1428,1429,69557,1429,0.0283587952772359,1.0,1.0,,,,,
1429,1430,69638,1430,0.0138208713413623,1.0,1.0,,,,,
1430,1431,69687,1431,0.0118588596339759,1.0,1.0,,,,,
1431,1432,69752,1432,0.0279138703807257,1.0,1.0,,,,,
1432,1433,69809,1433,0.0193369144773376,1.0,1.0,0.0349073397375953,0.0,0.0,,
1433,1434,69858,1434,0.015782219019796,1.0,1.0,,,,,
1434,1435,69907,1435,0.0628440551821647,0.0,0.0,,,,,
1435,1436,69956,1436,0.0445937581326143,0.0,0.0,,,,,
1436,1437,70029,1437,0.0221649785950446,1.0,1.0,,,,,
1437,1438,70062,1438,0.0152329410534002,1.0,1.0,,,,,
1438,1439,70095,1439,0.0137289676815271,1.0,1.0,,,,,
1439,1440,70152,1440,0.029791370655543,0.0,0.0,,,,,
1440,1441,70217,1441,0.0136280644970247,1.0,1.0,0.0358998946609957,0.0,0.0,,
1441,1442,70250,1442,0.0488071126281283,0.0,0.0,,,,,
1442,1443,70299,1443,0.012879213905544,1.0,1.0,,,,,
1443,1444,70340,1444,0.011981429323554,1.0,1.0,,,,,
1444,1445,70381,1445,0.0257298806949984,1.0,1.0,,,,,
1445,1446,70414,1446,0.0319860960145888,0.0,0.0,,,,,
1446,1447,70463,1447,0.0244438397923174,1.0,1.0,,,,,
1447,1448,70496,1448,0.0658828720659948,0.0,0.0,,,,,
1448,1449,70537,1449,0.0100668398419657,1.0,1.0,0.0512294847145676,1.0,1.0,,
1449,1450,70578,1450,0.0416701997057534,0.0,0.0,,,,,
1450,1451,70667,1451,0.0281972583700818,0.0,0.0,,,,,
1451,1452,70708,1452,0.0409054506594548,1.0,1.0,,,,,
1452,1453,70741,1453,0.036574156442366,0.0,0.0,,,,,
1453,1454,70782,1454,0.0371674163788557,1.0,1.0,,,,,
1454,1455,70839,1455,0.023668343508616,1.0,1.0,,,,,
1455,1456,70880,1456,0.0174085442912764,1.0,1.0,,,,,
1456,1457,70929,1457,0.0125390189754155,1.0,1.0,0.1726084303148091,0.0,0.0,,
1457,1458,70962,1458,0.0363877584622241,1.0,1.0,,,,,
1458,1459,71003,1459,0.0220744287613779,1.0,1.0,,,,,
1459,1460,71052,1460,0.0579050926639077,0.0,0.0,,,,,
1460,1461,71085,1461,0.0175269429018953,1.0,1.0,,,,,
1461,1462,71118,1462,0.0234169560193549,1.0,1.0,,,,,
1462,1463,71159,1463,0.0214122673305682,1.0,1.0,,,,,
1463,1464,71208,1464,0.0134465232912528,1.0,1.0,,,,,
1464,1465,71249,1465,0.0349571822781581,0.0,0.0,0.051182938372173,1.0,1.0,,
1465,1466,71282,1466,0.0179827178572304,1.0,1.0,,,,,
1466,1467,71315,1467,0.0146892075738287,1.0,1.0,,,,,
1467,1468,71364,1468,0.0231797225129169,1.0,1.0,,,,,
1468,1469,71421,1469,0.0135735921431998,1.0,1.0,,,,,
1469,1470,71470,1470,0.023605912408869,1.0,1.0,,,,,
1470,1471,71495,1471,0.0246962162681544,1.0,1.0,,,,,
1471,1472,71520,1472,0.0132020854546378,1.0,1.0,,,,,
1472,1473,71585,1473,0.0215331867712666,1.0,1.0,0.0190453703688108,1.0,1.0,,
1473,1474,71642,1474,0.030988719660506,1.0,1.0,,,,,
1474,1475,71683,1475,0.020057792645879,1.0,1.0,,,,,
1475,1476,71740,1476,0.0108718942330285,1.0,1.0,,,,,
1476,1477,71789,1477,0.0212428167074297,1.0,1.0,,,,,
1477,1478,71838,1478,0.0262744130687012,1.0,1.0,,,,,
1478,1479,71871,1479,0.0416330725012812,0.0,0.0,,,,,
1479,1480,71904,1480,0.0331783225038088,1.0,1.0,,,,,
1480,1481,71953,1481,0.0393366076434419,0.0,0.0,0.0223439649904612,1.0,1.0,,
1481,1482,72010,1482,0.031188259152446,0.0,0.0,,,,,
1482,1483,72075,1483,0.0145579565876687,1.0,1.0,,,,,
1483,1484,72116,1484,0.0137362031349912,1.0,1.0,,,,,
1484,1485,72165,1485,0.0379901790603374,0.0,0.0,,,,,
1485,1486,72198,1486,0.0428991357376799,1.0,1.0,,,,,
1486,1487,72247,1487,0.0277764391743888,1.0,1.0,,,,,
1487,1488,72296,1488,0.022190140086653,1.0,1.0,,,,,
1488,1489,72361,1489,0.0149316366179846,1.0,1.0,0.0984780382819008,0.0,0.0,,
1489,1490,72394,1490,0.0448521917837206,0.0,0.0,,,,,
1490,1491,72427,1491,0.0337635434250114,0.0,0.0,,,,,
1491,1492,72508,1492,0.0333689086441882,0.0,0.0,,,,,
1492,1493,72549,1493,0.0175876233447343,1.0,1.0,,,,,
1493,1494,72630,1494,0.0115932930789422,1.0,1.0,,,,,
1494,1495,72671,1495,0.0246262917304411,1.0,1.0,,,,,
1495,1496,72712,1496,0.0228091986007057,1.0,1.0,,,,,
1496,1497,72753,1497,0.0749096344034187,0.0,0.0,0.0403424767812248,1.0,1.0,,
1497,1498,72794,1498,0.0141653231390519,1.0,1.0,,,,,
1498,1499,72827,1499,0.0243247422436252,1.0,1.0,,,,,
1499,1500,72852,1500,0.0701154756018271,0.0,0.0,,,,,
1500,1501,72901,1501,0.0227310436963064,1.0,1.0,,,,,
1501,1502,72942,1502,0.0140761120403185,1.0,1.0,,,,,
1502,1503,72983,1503,0.0388852839265018,1.0,1.0,,,,,
1503,1504,73016,1504,0.0094715695906779,1.0,1.0,,,,,
1504,1505,73065,1505,0.0318582785098503,1.0,1.0,0.0322449155547656,0.0,0.0,,
1505,1506,73098,1506,0.0217449531465535,1.0,1.0,,,,,
1506,1507,73139,1507,0.0199060446267249,1.0,1.0,,,,,
1507,1508,73180,1508,0.0094536027547437,1.0,1.0,,,,,
1508,1509,73221,1509,0.0074511530268937,1.0,1.0,,,,,
1509,1510,73286,1510,0.023847037408268,1.0,1.0,,,,,
1510,1511,73335,1511,0.0417724439005057,0.0,0.0,,,,,
1511,1512,73376,1512,0.0238003372242674,1.0,1.0,,,,,
1512,1513,73433,1513,0.0261988652554074,1.0,1.0,0.016588765939717,1.0,1.0,,
1513,1514,73474,1514,0.0206314212516881,1.0,1.0,,,,,
1514,1515,73507,1515,0.014130874487455,1.0,1.0,,,,,
1515,1516,73708,1516,0.0190184377771802,1.0,1.0,,,,,
1516,1517,73749,1517,0.0196684315984603,1.0,1.0,,,,,
1517,1518,73806,1518,0.0456778854734563,0.0,0.0,,,,,
1518,1519,73871,1519,0.0112512575724395,1.0,1.0,,,,,
1519,1520,73912,1520,0.0120310018211603,1.0,1.0,,,,,
1520,1521,73945,1521,0.0456771796167595,0.0,0.0,0.0462530486725154,0.0,0.0,,
1521,1522,73986,1522,0.0128573689977638,1.0,1.0,,,,,
1522,1523,74035,1523,0.0224313997996311,1.0,1.0,,,,,
1523,1524,74084,1524,0.0148800516675692,1.0,1.0,,,,,
1524,1525,74133,1525,0.0197724789074466,1.0,1.0,,,,,
1525,1526,74166,1526,0.0699227007139416,0.0,0.0,,,,,
1526,1527,74231,1527,0.0259751143920584,1.0,1.0,,,,,
1527,1528,74312,1528,0.0216742952638305,1.0,1.0,,,,,
1528,1529,74361,1529,0.0343645871360786,1.0,1.0,0.0330926058162003,1.0,1.0,,
1529,1530,74394,1530,0.0182902275319793,1.0,1.0,,,,,
1530,1531,74467,1531,0.0293045176834695,0.0,0.0,,,,,
1531,1532,74556,1532,0.0170337327963418,1.0,1.0,,,,,
1532,1533,74589,1533,0.0278674857830628,1.0,1.0,,,,,
1533,1534,74630,1534,0.0331544943759217,0.0,0.0,,,,,
1534,1535,74671,1535,0.0149505255310796,1.0,1.0,,,,,
1535,1536,74696,1536,0.0500289866266151,0.0,0.0,,,,,
1536,1537,74737,1537,0.0304475260414183,0.0,0.0,0.0117034877222031,1.0,1.0,,
1537,1538,74762,1538,0.0172746789086765,1.0,1.0,,,,,
1538,1539,74811,1539,0.0355183395580388,0.0,0.0,,,,,
1539,1540,74868,1540,0.0246810688424323,1.0,1.0,,,,,
1540,1541,74917,1541,0.0090710720668236,1.0,1.0,,,,,
1541,1542,74950,1542,0.0246211154881166,1.0,1.0,,,,,
1542,1543,74983,1543,0.0543599220225587,0.0,0.0,,,,,
1543,1544,75056,1544,0.0233705163681103,0.0,0.0,,,,,
1544,1545,75081,1545,0.0139038895924265,1.0,1.0,0.0133785994818026,1.0,1.0,,
1545,1546,75122,1546,0.0200952469627372,1.0,1.0,,,,,
1546,1547,75171,1547,0.0351978370730648,0.0,0.0,,,,,
1547,1548,75228,1548,0.0139651258737181,1.0,1.0,,,,,
1548,1549,75269,1549,0.02645272472949,1.0,1.0,,,,,
1549,1550,75310,1550,0.0301224245084449,0.0,0.0,,,,,
1550,1551,75359,1551,0.0162224779858782,1.0,1.0,,,,,
1551,1552,75392,1552,0.0105636026350111,1.0,1.0,,,,,
1552,1553,75425,1553,0.0361225650546839,1.0,1.0,0.0296827441180357,0.0,0.0,,
1553,1554,75458,1554,0.0316782870340102,0.0,0.0,,,,,
1554,1555,75515,1555,0.0359987734059437,0.0,0.0,,,,,
1555,1556,75628,1556,0.0183571343437402,1.0,1.0,,,,,
1556,1557,75685,1557,0.0243253941872223,1.0,1.0,,,,,
1557,1558,75718,1558,0.0261585312910028,1.0,1.0,,,,,
1558,1559,75775,1559,0.0440385930087151,0.0,0.0,,,,,
1559,1560,75816,1560,0.0103579509874689,1.0,1.0,,,,,
1560,1561,75857,1561,0.0195800761235877,1.0,1.0,0.0339043551974464,1.0,1.0,,
1561,1562,75906,1562,0.0080053602193705,1.0,1.0,,,,,
1562,1563,75971,1563,0.0253275505117926,1.0,1.0,,,,,
1563,1564,76004,1564,0.0579256831359816,0.0,0.0,,,,,
1564,1565,76053,1565,0.0143410940724425,1.0,1.0,,,,,
1565,1566,76110,1566,0.0452409984440808,0.0,0.0,,,,,
1566,1567,76143,1567,0.0100564707792364,1.0,1.0,,,,,
1567,1568,76176,1568,0.0205569986706541,1.0,1.0,,,,,
1568,1569,76241,1569,0.0114904388463583,1.0,1.0,0.0386510449305309,0.0,0.0,,
1569,1570,76290,1570,0.0292387312204421,0.0,0.0,,,,,
1570,1571,76363,1571,0.0267874782943989,0.0,0.0,,,,,
1571,1572,76412,1572,0.0294650268314095,0.0,0.0,,,,,
1572,1573,76445,1573,0.0241913289806689,1.0,1.0,,,,,
1573,1574,76470,1574,0.0304005443071946,1.0,1.0,,,,,
1574,1575,76511,1575,0.025932996030664,1.0,1.0,,,,,
1575,1576,76560,1576,0.0175436289516316,1.0,1.0,,,,,
1576,1577,76649,1577,0.0347955986961394,0.0,0.0,0.0209568572997037,1.0,1.0,,
1577,1578,76698,1578,0.0271352030280104,1.0,1.0,,,,,
1578,1579,76755,1579,0.0114074172324035,1.0,1.0,,,,,
1579,1580,76788,1580,0.0535046663245884,0.0,0.0,,,,,
1580,1581,76845,1581,0.0302085119276307,0.0,0.0,,,,,
1581,1582,76878,1582,0.0241312893413123,1.0,1.0,,,,,
1582,1583,76911,1583,0.0126740916335256,1.0,1.0,,,,,
1583,1584,76944,1584,0.0158272043120814,1.0,1.0,,,,,
1584,1585,76993,1585,0.0119211023673415,1.0,1.0,0.0239687886032334,1.0,1.0,,
1585,1586,77026,1586,0.0330304506968241,0.0,0.0,,,,,
1586,1587,77091,1587,0.016032754415537,1.0,1.0,,,,,
1587,1588,77132,1588,0.0217778215475409,1.0,1.0,,,,,
1588,1589,77181,1589,0.0338544629390041,0.0,0.0,,,,,
1589,1590,77222,1590,0.0392516275659436,0.0,0.0,,,,,
1590,1591,77255,1591,0.0201773950154893,1.0,1.0,,,,,
1591,1592,77328,1592,0.0172163865081448,1.0,1.0,,,,,
1592,1593,77369,1593,0.0185953747783787,1.0,1.0,0.0158304597995447,1.0,1.0,,
1593,1594,77402,1594,0.0253686977188044,1.0,1.0,,,,,
1594,1595,77435,1595,0.031454679602757,1.0,1.0,,,,,
1595,1596,77484,1596,0.0342368353014656,0.0,0.0,,,,,
1596,1597,77549,1597,0.0161716498585883,1.0,1.0,,,,,
1597,1598,77606,1598,0.025565975480214,1.0,1.0,,,,,
1598,1599,77639,1599,0.0151846548747562,1.0,1.0,,,,,
1599,1600,77672,1600,0.0344239323104557,0.0,0.0,,,,,
1600,1601,77729,1601,0.0220852752753333,1.0,1.0,0.0489264015308581,0.0,0.0,,
1601,1602,77754,1602,0.0164637649164069,1.0,1.0,,,,,
1602,1603,77947,1603,0.0182277490276464,0.0,0.0,,,,,
1603,1604,77988,1604,0.016693556420505,1.0,1.0,,,,,
1604,1605,78077,1605,0.0241898191382642,0.0,0.0,,,,,
1605,1606,78118,1606,0.0141022932962514,1.0,1.0,,,,,
1606,1607,78175,1607,0.0318875834159553,0.0,0.0,,,,,
1607,1608,78208,1608,0.0232658410654403,1.0,1.0,,,,,
1608,1609,78265,1609,0.0149510580808522,1.0,1.0,0.0146115243074018,1.0,1.0,,
1609,1610,78322,1610,0.0278771033734041,1.0,1.0,,,,,
1610,1611,78355,1611,0.0243091693092719,1.0,1.0,,,,,
1611,1612,78396,1612,0.0108751866116654,1.0,1.0,,,,,
1612,1613,78429,1613,0.0181556248964625,1.0,1.0,,,,,
1613,1614,78462,1614,0.0262829712126404,1.0,1.0,,,,,
1614,1615,78495,1615,0.1537631596952269,0.0,0.0,,,,,
1615,1616,78536,1616,0.0283579929448897,1.0,1.0,,,,,
1616,1617,78593,1617,0.0289276834524103,1.0,1.0,0.0506347489209535,0.0,0.0,,
1617,1618,78626,1618,0.0393697532368241,0.0,0.0,,,,,
1618,1619,78667,1619,0.0218582902591733,1.0,1.0,,,,,
1619,1620,78700,1620,0.0371772415896703,1.0,1.0,,,,,
1620,1621,78741,1621,0.0199111535418778,1.0,1.0,,,,,
1621,1622,78782,1622,0.0158970393819035,1.0,1.0,,,,,
1622,1623,78815,1623,0.0211133915658138,1.0,1.0,,,,,
1623,1624,78856,1624,0.0177288886986207,1.0,1.0,,,,,
1624,1625,78913,1625,0.0380303636924197,1.0,1.0,0.0546306579362135,0.0,0.0,,
1625,1626,78986,1626,0.0243506151896387,1.0,1.0,,,,,
1626,1627,79027,1627,0.0092496588506037,1.0,1.0,,,,,
1627,1628,79076,1628,0.0288896760437637,1.0,1.0,,,,,
1628,1629,79109,1629,0.0431356067993328,0.0,0.0,,,,,
1629,1630,79158,1630,0.0076130038643411,1.0,1.0,,,,,
1630,1631,79199,1631,0.0405707947275368,0.0,0.0,,,,,
1631,1632,79248,1632,0.048369250902712,0.0,0.0,,,,,
1632,1633,79281,1633,0.0221811350085772,1.0,1.0,0.0288217791335773,1.0,1.0,,
1633,1634,79330,1634,0.0241790945802737,1.0,1.0,,,,,
1634,1635,79403,1635,0.025825098083458,1.0,1.0,,,,,
1635,1636,79460,1636,0.0300006567869734,0.0,0.0,,,,,
1636,1637,79517,1637,0.0173379689568121,1.0,1.0,,,,,
1637,1638,79622,1638,0.0325654918501207,0.0,0.0,,,,,
1638,1639,79687,1639,0.0235217343561816,1.0,1.0,,,,,
1639,1640,79712,1640,0.0203140543711682,1.0,1.0,,,,,
1640,1641,79769,1641,0.0207491948641836,1.0,1.0,0.0442403355822898,0.0,0.0,,
1641,1642,79802,1642,0.0131474681083636,1.0,1.0,,,,,
1642,1643,79827,1643,0.0251815875751587,1.0,1.0,,,,,
1643,1644,79876,1644,0.0228620920294391,1.0,1.0,,,,,
1644,1645,79909,1645,0.03766710294527,1.0,1.0,,,,,
1645,1646,79950,1646,0.0177821572951506,1.0,1.0,,,,,
1646,1647,79999,1647,0.0299747027057067,1.0,1.0,,,,,
1647,1648,80064,1648,0.0147036574070807,1.0,1.0,,,,,
1648,1649,80097,1649,0.0161751150840427,1.0,1.0,0.0403441140071178,1.0,1.0,,
1649,1650,80114,1650,0.0240283587947487,1.0,1.0,,,,,
1650,1651,80179,1651,0.0242788663195096,1.0,1.0,,,,,
1651,1652,80220,1652,0.0578301020916551,0.0,0.0,,,,,
1652,1653,80269,1653,0.0243198290558454,1.0,1.0,,,,,
1653,1654,80286,1654,0.0411189073650166,1.0,1.0,,,,,
1654,1655,80327,1655,0.0126633291025646,1.0,1.0,,,,,
1655,1656,80384,1656,0.0206975754317162,1.0,1.0,,,,,
1656,1657,80449,1657,0.0329960175481392,0.0,0.0,0.0460682939440011,0.0,0.0,,
1657,1658,80506,1658,0.0239987198707448,1.0,1.0,,,,,
1658,1659,80579,1659,0.0298565793999781,0.0,0.0,,,,,
1659,1660,80612,1660,0.0231896189793769,1.0,1.0,,,,,
1660,1661,80677,1661,0.0192145945801166,1.0,1.0,,,,,
1661,1662,80710,1662,0.0120548488711938,1.0,1.0,,,,,
1662,1663,80751,1663,0.0173200810877606,1.0,1.0,,,,,
1663,1664,80776,1664,0.0238689347853263,1.0,1.0,,,,,
1664,1665,80841,1665,0.0239379081762308,1.0,1.0,0.0358089029429746,0.0,0.0,,
1665,1666,80890,1666,0.0177312781910101,1.0,1.0,,,,,
1666,1667,80923,1667,0.0228479823375528,1.0,1.0,,,,,
1667,1668,80948,1668,0.0590804796510686,0.0,0.0,,,,,
1668,1669,80997,1669,0.0153512208535297,1.0,1.0,,,,,
1669,1670,81038,1670,0.024035189513117,1.0,1.0,,,,,
1670,1671,81071,1671,0.0102830923849251,1.0,1.0,,,,,
1671,1672,81152,1672,0.0161215390978031,1.0,1.0,,,,,
1672,1673,81193,1673,0.0082224312373437,1.0,1.0,0.0282469609185742,0.0,0.0,,
1673,1674,81234,1674,0.0346318019487662,1.0,1.0,,,,,
1674,1675,81283,1675,0.0248926630992597,1.0,1.0,,,,,
1675,1676,81324,1676,0.015617027441971,1.0,1.0,,,,,
1676,1677,81349,1677,0.0176102915483837,1.0,1.0,,,,,
1677,1678,81374,1678,0.0520210154602925,1.0,1.0,,,,,
1678,1679,81439,1679,0.0263320971130451,1.0,1.0,,,,,
1679,1680,81464,1680,0.018433632813394,1.0,1.0,,,,,
1680,1681,81505,1681,0.0105386043526232,1.0,1.0,0.0222044514507676,1.0,1.0,,
1681,1682,81554,1682,0.0336008896000566,0.0,0.0,,,,,
1682,1683,81595,1683,0.0138512069638818,1.0,1.0,,,,,
1683,1684,81652,1684,0.0176000304137622,1.0,1.0,,,,,
1684,1685,81741,1685,0.0190237986580045,1.0,1.0,,,,,
1685,1686,81774,1686,0.0303254024971101,1.0,1.0,,,,,
1686,1687,81815,1687,0.0195790123750339,1.0,1.0,,,,,
1687,1688,81872,1688,0.0336848486587405,1.0,1.0,,,,,
1688,1689,81913,1689,0.017213954841718,1.0,1.0,0.0377500135661102,0.0,0.0,,
1689,1690,81970,1690,0.0272365429515152,0.0,0.0,,,,,
1690,1691,82011,1691,0.012993491463596,1.0,1.0,,,,,
1691,1692,82044,1692,0.0359172671369742,1.0,1.0,,,,,
1692,1693,82061,1693,0.0279816319979727,1.0,1.0,,,,,
1693,1694,82118,1694,0.0274179208640167,1.0,1.0,,,,,
1694,1695,82167,1695,0.0469804410402624,0.0,0.0,,,,,
1695,1696,82232,1696,0.0344708623038604,0.0,0.0,,,,,
1696,1697,82305,1697,0.0209759362429657,1.0,1.0,0.0201427500783465,1.0,1.0,,
1697,1698,82338,1698,0.0237550117334467,1.0,1.0,,,,,
1698,1699,82379,1699,0.0392396909857634,0.0,0.0,,,,,
1699,1700,82412,1700,0.0180909121665172,1.0,1.0,,,,,
1700,1701,82429,1701,0.0240688884467817,1.0,1.0,,,,,
1701,1702,82502,1702,0.0285696652779653,0.0,0.0,,,,,
1702,1703,82551,1703,0.0195973912657548,1.0,1.0,,,,,
1703,1704,82600,1704,0.0128646375130241,1.0,1.0,,,,,
1704,1705,82657,1705,0.0128981198667315,1.0,1.0,0.0580539535552573,0.0,0.0,,
1705,1706,82706,1706,0.0190707194351125,1.0,1.0,,,,,
1706,1707,82755,1707,0.0265616039140149,1.0,1.0,,,,,
1707,1708,82804,1708,0.0277832278589873,0.0,0.0,,,,,
1708,1709,82829,1709,0.0139367435216748,1.0,1.0,,,,,
1709,1710,82862,1710,0.0120855207100976,1.0,1.0,,,,,
1710,1711,82911,1711,0.0109609646281266,1.0,1.0,,,,,
1711,1712,82968,1712,0.0278164115689495,0.0,0.0,,,,,
1712,1713,83033,1713,0.0169690686829562,1.0,1.0,0.0404948362320594,0.0,0.0,,
1713,1714,83090,1714,0.0213592066949266,1.0,1.0,,,,,
1714,1715,83171,1715,0.0249851475227042,1.0,1.0,,,,,
1715,1716,83204,1716,0.0247264376538805,1.0,1.0,,,,,
1716,1717,83269,1717,0.0256866742241754,0.0,0.0,,,,,
1717,1718,83326,1718,0.015452451920802,1.0,1.0,,,,,
1718,1719,83367,1719,0.0199612142439,1.0,1.0,,,,,
1719,1720,83408,1720,0.0221433801400708,1.0,1.0,,,,,
1720,1721,83441,1721,0.0148951862538524,1.0,1.0,0.0118259574240073,1.0,1.0,,
1721,1722,83506,1722,0.0196587072788679,1.0,1.0,,,,,
1722,1723,83579,1723,0.0268466593688935,0.0,0.0,,,,,
1723,1724,83644,1724,0.0226515118851966,1.0,1.0,,,,,
1724,1725,83709,1725,0.0292704570062778,0.0,0.0,,,,,
1725,1726,83742,1726,0.0196482068156183,1.0,1.0,,,,,
1726,1727,83767,1727,0.0265434519092862,1.0,1.0,,,,,
1727,1728,83808,1728,0.0466167762090917,0.0,0.0,,,,,
1728,1729,83865,1729,0.0236773951458079,1.0,1.0,0.0227954992250306,1.0,1.0,0.5049024224281311,0.5056139158732594
