,count_list,correct_list
0,3,3
1,2,2
2,7,7
3,8,8
4,7,7
5,9,8
6,6,6
7,4,4
8,6,4
9,18,13
10,16,15
11,4,3
12,6,5
13,7,7
14,7,5
15,8,8
16,12,12
17,4,4
18,1,1
19,6,5
20,9,8
21,4,4
22,8,8
23,0,0
24,2,2
25,6,6
26,21,20
27,2,2
28,9,8
29,3,3
30,7,6
31,8,7
32,5,5
33,6,5
34,13,13
35,7,6
36,0,0
37,6,6
38,4,4
39,5,3
40,3,2
41,3,3
42,7,7
43,6,6
44,3,2
45,4,4
46,7,6
47,6,6
48,10,10
49,6,4
50,5,4
51,6,6
52,2,2
53,5,5
54,16,15
55,10,9
56,1,1
57,5,5
58,7,5
59,15,14
60,6,6
61,5,5
62,5,4
63,8,8
64,6,6
65,4,4
66,7,6
67,3,3
68,3,3
69,24,22
70,5,5
71,5,4
72,4,4
73,6,6
74,6,6
75,8,8
76,2,2
77,8,8
78,5,4
79,2,1
80,4,2
81,1,1
82,8,8
83,8,6
84,8,8
85,6,6
86,4,4
87,4,4
88,2,2
89,4,4
90,10,9
91,8,8
92,5,5
93,2,1
94,5,4
95,4,4
96,7,7
97,7,7
98,3,3
99,9,3
100,6,5
101,3,1
102,10,9
103,7,7
104,8,8
105,7,7
106,3,3
107,5,5
108,4,4
109,3,3
110,2,2
111,4,4
112,3,1
113,8,8
114,2,2
115,4,4
116,2,2
117,11,11
118,7,7
119,58,58
120,5,5
121,7,7
122,6,6
123,0,0
124,4,4
125,2,2
126,9,7
127,7,5
128,2,2
129,7,7
130,4,4
131,4,4
132,6,6
133,7,5
134,4,4
135,5,5
136,3,3
137,4,4
138,7,7
139,4,4
140,1,1
141,2,2
142,18,17
143,4,3
144,7,7
145,0,0
146,7,7
147,5,5
148,1,1
149,10,3
150,6,5
151,5,5
152,2,2
153,5,5
154,5,2
155,6,6
156,7,7
157,6,6
158,5,5
159,5,5
160,4,2
161,5,3
162,10,10
163,8,8
164,0,0
165,9,8
166,8,7
167,2,2
168,3,3
169,18,18
170,2,2
171,3,3
172,3,3
173,5,4
174,4,2
175,9,9
176,2,2
177,3,3
178,9,5
179,5,4
180,4,4
181,14,14
182,11,11
183,7,7
184,4,4
185,5,5
186,12,12
187,7,7
188,7,6
189,3,3
190,7,6
191,10,10
192,5,5
193,4,4
194,2,2
195,8,8
196,6,5
197,24,24
198,6,6
199,4,4
200,3,3
201,8,8
202,2,2
203,6,6
204,2,2
205,5,5
206,11,11
207,5,4
208,7,7
209,0,0
210,14,14
211,13,13
212,8,8
213,4,4
214,6,6
215,11,11
216,6,6
217,5,5
218,0,0
219,7,7
220,4,4
221,6,6
222,9,9
223,5,5
224,5,5
225,5,4
226,0,0
227,13,13
228,2,2
229,4,4
230,5,5
231,5,3
232,1,1
233,8,8
234,2,2
235,5,5
236,2,2
237,4,4
238,5,5
239,12,11
240,6,6
241,6,6
242,18,17
243,6,6
244,5,5
245,10,10
246,8,7
247,4,4
248,12,11
249,6,5
250,6,5
251,10,9
252,3,3
253,1,1
254,6,6
255,7,7
256,7,6
257,5,5
258,8,8
259,7,7
260,1,1
261,0,0
262,4,4
263,12,9
264,3,3
265,7,6
266,10,9
267,5,5
268,2,2
269,3,2
270,4,4
271,5,5
272,5,5
273,3,3
274,7,7
275,5,5
276,3,2
277,2,1
278,2,2
279,3,3
280,8,7
281,3,3
282,8,6
283,4,4
284,7,6
285,4,4
286,2,1
287,2,2
288,5,3
289,3,3
290,6,5
291,1,1
292,8,8
293,5,4
294,6,6
295,6,4
296,6,6
297,8,8
298,2,2
299,4,1
300,5,5
301,6,6
302,5,5
303,4,3
304,6,6
305,8,6
306,8,6
307,3,3
308,4,1
309,6,6
310,9,8
311,8,8
312,3,2
313,4,4
314,4,3
315,6,6
316,3,3
317,8,5
318,6,6
319,4,4
320,9,9
321,7,6
322,9,9
323,13,12
324,4,4
325,3,3
326,6,4
327,11,6
328,5,5
329,7,6
330,0,0
331,10,9
332,0,0
333,11,10
334,14,14
335,4,4
336,4,4
337,5,5
338,3,1
339,5,4
340,4,4
341,2,2
342,6,6
343,4,4
344,6,6
345,0,0
346,16,11
347,2,2
348,15,15
349,15,12
350,11,10
351,10,9
352,8,8
353,5,4
354,4,4
355,7,4
356,7,6
357,5,5
358,5,4
359,4,3
360,10,9
361,0,0
362,7,7
363,10,10
364,2,2
365,12,12
366,8,2
367,3,3
368,1,1
369,5,4
370,4,4
371,4,2
372,9,8
373,2,1
374,3,3
375,5,5
376,7,7
377,7,5
378,4,4
379,2,2
380,6,5
381,2,1
382,4,4
383,9,9
384,0,0
385,0,0
386,4,2
387,4,4
388,13,12
389,3,3
390,9,9
391,6,6
392,2,2
393,0,0
394,3,3
395,6,5
396,3,3
397,5,4
398,6,4
399,5,5
400,7,7
401,11,11
402,4,4
403,1,1
404,6,6
405,4,2
406,4,3
407,4,3
408,5,5
409,3,1
410,9,9
411,10,9
412,0,0
413,12,11
414,3,2
415,6,6
416,3,3
417,4,3
418,4,4
419,4,4
420,2,2
421,8,7
422,3,3
423,1,1
424,8,8
425,2,2
426,5,4
427,4,4
428,6,6
429,2,2
430,8,7
431,6,5
432,5,5
433,2,2
434,3,2
435,9,9
436,6,4
437,8,8
438,7,6
439,10,8
440,8,8
441,9,7
442,5,5
443,6,3
444,5,4
445,8,7
446,3,3
447,11,8
448,4,4
449,11,11
450,3,3
451,7,7
452,6,6
453,10,8
454,5,5
455,3,3
456,4,4
457,2,2
458,5,4
459,5,5
460,6,6
461,4,4
462,6,6
463,2,2
464,9,8
465,12,11
466,4,3
467,1,1
468,11,11
469,4,4
470,2,2
471,7,6
472,4,4
473,5,5
474,17,16
475,5,5
476,4,4
477,9,8
478,4,4
479,6,5
480,6,5
481,9,9
482,4,4
483,1,0
484,3,1
485,8,6
486,3,3
487,6,2
488,2,2
489,11,6
490,8,1
491,6,6
492,8,5
493,5,5
494,5,5
495,6,5
496,6,6
497,12,11
498,11,11
499,7,6
500,3,3
501,4,4
502,10,10
503,16,15
504,5,5
505,9,9
506,2,2
507,2,2
508,3,3
509,6,6
510,6,5
511,8,8
512,8,8
513,6,6
514,3,3
515,10,10
516,5,2
517,2,2
518,4,4
519,6,6
520,4,4
521,8,8
522,40,40
523,4,4
524,8,8
525,10,10
526,5,5
527,7,7
528,5,5
529,12,11
530,3,2
531,3,3
532,6,3
533,5,5
534,5,4
535,3,3
536,0,0
537,24,24
538,5,5
539,0,0
540,0,0
541,10,9
542,8,7
543,9,7
544,8,7
545,6,6
546,6,5
547,5,5
548,4,3
549,4,4
550,6,4
551,3,0
552,1,1
553,3,3
554,5,3
555,4,4
556,8,7
557,3,3
558,16,15
559,5,4
560,7,6
561,0,0
562,4,4
563,6,5
564,10,10
565,4,3
566,4,4
567,4,4
568,4,4
569,1,1
570,0,0
571,6,5
572,9,8
573,8,6
574,2,2
575,4,4
576,4,2
577,5,5
578,8,6
579,5,5
580,3,3
581,6,3
582,7,5
583,11,11
584,3,2
585,10,9
586,2,2
587,5,5
588,3,3
589,7,5
590,2,1
591,8,7
592,6,6
593,3,3
594,3,3
595,7,4
596,2,2
597,2,2
598,8,8
599,2,2
600,3,3
601,4,3
602,6,6
603,2,2
604,9,9
605,8,7
606,4,4
607,5,3
608,4,3
609,5,5
610,4,4
611,6,6
612,4,4
613,3,2
614,2,1
615,8,8
616,2,2
617,4,4
618,7,6
619,8,7
620,6,6
621,3,3
622,4,4
623,6,6
624,4,4
625,5,4
626,9,9
627,5,5
628,51,50
629,4,3
630,3,3
631,8,7
632,3,3
633,7,6
634,5,5
635,7,7
636,5,5
637,3,3
638,8,8
639,10,9
640,4,4
641,5,5
642,2,2
643,6,6
644,7,7
645,22,22
646,10,9
647,7,7
648,4,4
649,5,5
650,6,6
651,4,4
652,3,3
653,10,9
654,16,15
655,18,17
656,1,1
657,5,5
658,4,4
659,1,1
660,6,6
661,6,6
662,14,14
663,2,2
664,2,2
665,7,7
666,11,11
667,5,5
668,3,3
669,4,3
670,6,6
671,10,9
672,3,3
673,2,2
674,5,4
675,6,6
676,5,4
677,0,0
678,5,2
679,2,2
680,4,4
681,4,4
682,4,4
683,6,6
684,6,2
685,6,6
686,4,4
687,6,5
688,3,3
689,5,4
690,8,5
691,9,9
692,4,3
693,7,7
694,8,8
695,6,5
696,4,4
697,0,0
698,1,1
699,5,5
700,2,2
701,4,3
702,6,6
703,7,7
704,11,11
705,6,6
706,3,3
707,8,8
708,8,8
709,8,8
710,0,0
711,8,7
712,8,8
713,4,4
714,3,2
715,6,6
716,6,3
717,5,5
718,4,4
719,2,2
720,8,6
721,8,8
722,0,0
723,13,13
724,6,6
725,7,7
726,6,6
727,4,3
728,5,5
729,8,8
730,5,4
731,0,0
732,6,6
733,9,9
734,8,7
735,3,3
736,9,8
737,2,2
738,20,19
739,2,2
740,5,5
741,8,8
742,8,8
743,16,16
744,5,5
745,3,1
746,7,7
747,4,4
748,12,12
749,4,4
750,5,5
751,3,3
752,6,5
753,7,4
754,5,4
755,2,1
756,6,5
757,7,7
758,2,2
759,6,6
760,3,3
761,7,7
762,5,5
763,3,3
764,10,9
765,8,7
766,1,1
767,9,9
768,3,3
769,4,4
770,7,7
771,8,8
772,12,12
773,3,3
774,9,7
775,4,4
776,7,6
777,6,6
778,12,12
779,6,6
780,5,5
781,7,7
782,11,11
783,5,5
784,4,3
785,8,8
786,3,3
787,5,5
788,4,4
789,9,7
790,6,6
791,4,2
792,11,11
793,5,5
794,6,5
795,7,4
796,7,7
797,5,4
798,3,3
799,2,2
800,3,3
801,8,8
802,8,8
803,5,5
804,2,2
805,13,12
806,7,6
807,3,3
808,6,5
809,5,1
810,7,6
811,7,6
812,5,5
813,2,2
814,6,6
815,5,5
816,4,4
817,2,2
818,8,8
819,8,8
820,4,4
821,12,11
822,7,7
823,2,2
824,2,2
825,1,1
826,6,6
827,4,4
828,12,11
829,12,0
830,6,6
831,9,9
832,9,8
833,2,2
834,10,9
835,11,10
836,3,3
837,7,7
838,5,5
839,16,15
840,3,3
841,2,2
842,8,7
843,8,8
844,3,3
845,5,4
846,9,7
847,4,4
848,0,0
849,3,3
850,4,4
851,6,6
852,18,17
853,6,6
854,3,3
855,5,5
856,7,6
857,10,8
858,5,5
859,2,2
860,2,2
861,4,4
862,1,1
863,6,6
864,6,6
865,8,7
866,12,12
867,5,5
868,1,1
869,6,5
870,5,5
871,3,2
872,11,8
873,6,2
874,2,2
875,4,4
876,6,6
877,6,5
878,5,5
879,9,9
880,21,20
881,2,2
882,6,6
883,2,2
884,4,4
885,2,2
886,8,7
887,3,3
888,2,2
889,13,13
890,4,4
891,3,3
892,2,2
893,6,6
894,8,7
895,7,6
896,3,3
897,7,7
898,10,10
899,4,4
900,10,9
901,4,3
902,11,10
903,10,9
904,4,4
905,6,6
906,9,6
907,0,0
908,4,4
909,12,9
910,11,11
911,6,6
912,1,1
913,2,2
914,4,3
915,5,5
916,8,8
917,5,4
918,5,5
919,8,7
920,6,5
921,3,3
922,4,4
923,2,2
924,9,9
925,8,8
926,2,2
927,3,3
928,4,4
929,4,2
930,6,6
931,2,2
932,4,4
933,10,10
934,0,0
935,10,9
936,6,6
937,5,1
938,4,4
939,8,8
940,8,8
941,4,4
942,4,4
943,12,12
944,5,5
945,2,2
946,2,2
947,14,13
948,2,2
949,6,6
950,8,6
951,2,2
952,7,6
953,4,4
954,6,5
955,4,4
956,4,4
957,2,2
958,7,7
959,8,8
960,6,5
961,4,3
962,10,9
963,4,2
964,6,6
965,10,6
966,4,4
967,4,4
968,4,3
969,12,12
970,6,5
971,2,2
972,5,5
973,6,6
974,4,4
975,10,9
976,0,0
977,8,6
978,6,6
979,5,5
980,3,2
981,6,6
982,4,4
983,4,4
984,3,3
985,14,12
986,8,8
987,5,5
988,5,5
989,9,9
990,3,3
991,7,7
992,9,8
993,0,0
994,5,1
995,3,3
996,5,5
997,4,2
998,11,11
999,9,8
1000,4,4
1001,12,11
1002,9,7
1003,8,8
1004,9,9
1005,7,6
1006,8,7
1007,14,14
1008,4,4
1009,10,10
1010,7,7
1011,10,9
1012,4,2
1013,4,4
1014,8,8
1015,6,6
1016,5,3
1017,4,4
1018,8,7
1019,5,5
1020,4,4
1021,2,2
1022,4,4
1023,8,8
1024,7,7
1025,2,2
1026,2,2
1027,5,5
1028,8,6
1029,9,9
1030,7,6
1031,12,11
1032,4,4
1033,4,3
1034,8,8
1035,14,14
1036,11,11
1037,13,10
1038,19,19
1039,0,0
1040,6,6
1041,4,3
1042,13,12
1043,8,8
1044,4,4
1045,9,4
1046,1,1
1047,4,4
1048,5,4
1049,8,8
1050,10,9
1051,6,6
1052,2,2
1053,7,6
1054,5,5
1055,4,4
1056,4,4
1057,8,7
1058,12,11
1059,2,2
1060,4,4
1061,7,5
1062,6,6
1063,5,1
1064,4,4
1065,2,2
1066,6,5
1067,0,0
1068,3,2
1069,3,3
1070,12,12
1071,6,5
1072,6,5
1073,4,4
1074,4,3
1075,13,13
1076,3,3
1077,2,2
1078,6,5
1079,7,4
1080,5,4
1081,2,2
1082,5,4
1083,5,4
1084,4,4
1085,7,5
1086,8,3
1087,2,2
1088,5,5
1089,14,13
1090,4,4
1091,6,3
1092,4,4
1093,8,8
1094,6,6
1095,3,2
1096,0,0
1097,12,12
1098,7,6
1099,2,1
1100,6,6
1101,4,4
1102,5,4
1103,4,4
1104,5,4
1105,8,3
1106,7,7
1107,2,2
1108,5,5
1109,5,5
1110,8,7
1111,0,0
1112,6,5
1113,3,3
1114,4,4
1115,5,5
1116,4,4
1117,8,7
1118,0,0
1119,11,6
1120,5,4
1121,1,1
1122,10,10
1123,6,5
1124,5,5
1125,12,12
1126,6,6
1127,9,9
1128,8,7
1129,3,3
1130,3,1
1131,7,6
1132,3,3
1133,2,2
1134,12,10
1135,5,5
1136,3,1
1137,2,2
1138,6,6
1139,6,6
1140,6,6
1141,5,4
1142,3,2
1143,6,6
1144,7,7
1145,6,4
1146,16,15
1147,6,6
1148,2,2
1149,7,7
1150,8,8
1151,0,0
1152,5,5
1153,5,2
1154,8,7
1155,0,0
1156,4,4
1157,7,7
1158,4,4
1159,6,6
1160,2,2
1161,10,10
1162,12,9
1163,8,6
1164,3,3
1165,3,3
1166,4,3
1167,5,4
1168,5,5
1169,5,4
1170,0,0
1171,6,6
1172,7,5
1173,5,5
1174,6,6
1175,8,8
1176,5,1
1177,2,2
1178,4,4
1179,8,8
1180,6,6
1181,2,2
1182,7,7
1183,5,5
1184,6,6
1185,7,6
1186,4,4
1187,6,6
1188,2,2
1189,3,3
1190,8,8
1191,6,2
1192,3,3
1193,5,4
1194,11,10
1195,6,2
1196,8,5
1197,7,7
1198,5,5
1199,2,2
1200,2,2
1201,2,2
1202,3,2
1203,4,4
1204,6,6
1205,9,8
1206,7,7
1207,4,4
1208,2,2
1209,9,5
1210,3,2
1211,9,7
1212,4,4
1213,3,3
1214,1,1
1215,11,11
1216,8,8
1217,2,2
1218,6,2
1219,10,10
1220,3,3
1221,10,10
1222,8,6
1223,10,6
1224,6,6
1225,5,5
1226,7,2
1227,11,10
1228,14,12
1229,7,7
1230,4,4
1231,13,12
1232,6,6
1233,4,4
1234,7,6
1235,0,0
1236,5,5
1237,6,6
1238,4,4
1239,5,4
1240,4,4
1241,8,8
1242,8,7
1243,5,4
1244,7,6
1245,1,1
1246,5,5
1247,4,3
1248,7,7
1249,7,7
1250,4,4
1251,4,4
1252,7,5
1253,3,2
1254,6,6
1255,3,3
1256,6,6
1257,10,9
1258,4,4
1259,3,3
1260,4,4
1261,3,3
1262,3,3
1263,11,11
1264,7,3
1265,4,4
1266,3,3
1267,7,6
1268,2,1
1269,3,3
1270,12,12
1271,6,6
1272,5,5
1273,8,8
1274,4,4
1275,7,7
1276,12,12
1277,8,7
1278,8,8
1279,5,3
1280,9,7
1281,7,6
1282,2,2
1283,6,6
1284,6,6
1285,8,7
1286,6,6
1287,4,4
1288,6,6
1289,4,3
1290,8,6
1291,7,7
1292,6,6
1293,3,3
1294,12,11
1295,8,8
1296,5,5
1297,5,5
1298,9,9
1299,4,4
1300,3,2
1301,6,5
1302,3,3
1303,6,6
1304,7,5
1305,7,6
1306,5,5
1307,4,4
1308,2,2
1309,7,6
1310,5,4
1311,2,2
1312,7,4
1313,4,4
1314,7,7
1315,6,6
1316,6,6
1317,5,5
1318,6,6
1319,4,2
1320,3,3
1321,5,4
1322,7,7
1323,3,3
1324,2,2
1325,3,3
1326,9,8
1327,3,1
1328,11,11
1329,5,5
1330,10,10
1331,3,3
1332,6,6
1333,5,5
1334,4,3
1335,5,4
1336,9,9
1337,9,9
1338,6,6
1339,7,5
1340,3,3
1341,4,4
1342,0,0
1343,6,6
1344,6,6
1345,21,21
1346,7,7
1347,9,9
1348,6,6
1349,9,9
1350,5,5
1351,4,4
1352,10,10
1353,5,5
1354,12,12
1355,3,3
1356,3,3
1357,16,15
1358,5,5
1359,0,0
1360,7,6
1361,7,6
1362,10,8
1363,10,10
1364,10,9
1365,2,0
1366,6,6
1367,8,2
1368,10,8
1369,4,3
1370,4,2
1371,9,9
1372,4,3
1373,7,7
1374,7,5
1375,1,1
1376,7,6
1377,4,4
1378,4,4
1379,2,2
1380,5,5
1381,2,2
1382,7,5
1383,4,4
1384,13,7
1385,4,3
1386,4,4
1387,7,7
1388,5,5
1389,6,6
1390,4,3
1391,5,5
1392,7,7
1393,7,7
1394,3,3
1395,4,4
1396,3,3
1397,4,3
1398,8,8
1399,9,9
1400,8,8
1401,7,7
1402,9,9
1403,10,9
1404,4,4
1405,16,16
1406,4,2
1407,16,16
1408,4,2
1409,3,3
1410,6,6
1411,5,5
1412,1,1
1413,5,5
1414,7,7
1415,8,7
1416,3,3
1417,0,0
1418,4,4
1419,5,4
1420,6,6
1421,7,5
1422,12,11
1423,8,8
1424,5,3
1425,0,0
1426,4,4
1427,5,3
1428,2,2
1429,5,5
1430,10,9
1431,10,10
1432,4,3
1433,0,0
1434,8,8
1435,8,7
1436,6,6
1437,5,4
1438,6,6
1439,7,6
1440,5,1
1441,6,5
1442,8,8
1443,7,7
1444,4,4
1445,20,18
1446,14,13
1447,2,2
1448,2,2
1449,5,5
1450,10,4
1451,6,6
1452,2,2
1453,8,8
1454,9,9
1455,4,4
1456,2,2
1457,8,8
1458,6,4
1459,7,7
1460,10,4
1461,6,6
1462,5,5
1463,1,1
1464,6,5
1465,4,4
1466,6,5
1467,7,7
1468,4,4
1469,8,8
1470,10,9
1471,5,5
1472,2,2
1473,5,5
1474,10,10
1475,8,6
1476,9,9
1477,19,19
1478,5,5
1479,4,3
1480,6,5
1481,9,9
1482,6,6
1483,2,2
1484,7,7
1485,4,4
1486,3,3
1487,14,14
1488,6,6
1489,5,5
1490,5,5
1491,0,0
1492,0,0
1493,10,9
1494,2,2
1495,2,2
1496,7,6
1497,4,4
1498,6,6
1499,4,4
1500,8,1
1501,0,0
1502,6,6
1503,5,3
1504,1,1
1505,4,4
1506,4,4
1507,5,4
1508,8,7
1509,1,1
1510,6,6
1511,3,3
1512,10,10
1513,6,5
1514,4,4
1515,7,7
1516,6,6
1517,8,7
1518,9,6
1519,3,2
1520,7,7
1521,5,4
1522,6,6
1523,5,5
1524,7,6
1525,6,6
1526,4,4
1527,14,14
1528,10,10
1529,5,4
1530,7,6
1531,2,2
1532,4,2
1533,4,4
1534,4,4
1535,4,4
1536,5,5
1537,5,5
1538,8,7
1539,2,2
1540,5,2
1541,2,2
1542,5,5
1543,3,3
1544,2,2
1545,4,4
1546,7,7
1547,10,10
1548,1,1
1549,1,1
1550,5,5
1551,3,3
1552,4,3
1553,2,2
1554,7,7
1555,5,5
1556,0,0
1557,1,1
1558,4,4
1559,4,4
1560,2,2
1561,21,20
1562,4,4
1563,0,0
1564,4,3
1565,14,13
1566,12,12
1567,7,7
1568,7,7
1569,6,6
1570,7,5
1571,4,4
1572,3,2
1573,12,12
1574,4,4
1575,0,0
1576,10,10
1577,10,10
1578,5,5
1579,4,4
1580,22,21
1581,10,9
1582,8,8
1583,7,6
1584,5,5
1585,5,5
1586,6,6
1587,11,11
1588,9,9
1589,1,1
1590,5,4
1591,6,6
1592,0,0
1593,8,8
1594,4,4
1595,8,8
1596,4,4
1597,4,4
1598,9,9
1599,8,8
1600,6,6
1601,4,4
1602,6,6
1603,14,12
1604,10,8
1605,4,2
1606,2,2
1607,4,2
1608,7,7
1609,14,6
1610,5,5
1611,0,0
1612,8,7
1613,1,1
1614,16,14
1615,4,1
1616,6,3
1617,4,4
1618,9,9
1619,4,4
1620,6,6
1621,8,6
1622,5,5
1623,7,7
1624,3,2
1625,14,13
1626,2,1
1627,3,3
1628,11,10
1629,4,3
1630,1,1
1631,6,5
1632,5,4
1633,3,3
1634,8,8
1635,8,8
1636,6,6
1637,4,3
1638,12,12
1639,6,6
1640,4,4
1641,0,0
1642,9,9
1643,6,6
1644,4,4
1645,7,7
1646,14,14
1647,4,3
1648,7,6
1649,4,4
1650,7,7
1651,9,9
1652,7,4
1653,5,3
1654,4,4
1655,7,3
1656,9,9
1657,5,5
1658,10,9
1659,5,5
1660,4,4
1661,4,4
1662,9,8
1663,3,3
1664,6,6
1665,9,9
1666,0,0
1667,9,8
1668,7,6
1669,4,4
1670,12,12
1671,13,13
1672,5,4
1673,6,5
1674,8,8
1675,8,7
1676,5,4
1677,6,6
1678,3,2
1679,11,5
1680,11,11
1681,4,3
1682,18,18
1683,4,3
1684,8,3
1685,9,9
1686,3,3
1687,4,2
1688,11,8
1689,5,5
1690,3,3
1691,8,7
1692,10,10
1693,8,8
1694,5,1
1695,6,6
1696,12,12
1697,2,2
1698,1,1
1699,4,4
1700,5,5
1701,6,6
1702,1,1
1703,2,2
1704,12,11
1705,6,5
1706,4,4
1707,13,13
1708,3,3
1709,7,7
1710,8,8
1711,2,2
1712,4,4
1713,8,6
1714,6,6
1715,7,7
1716,4,4
1717,5,4
1718,8,8
1719,5,5
1720,5,5
1721,3,3
1722,10,9
1723,7,6
1724,2,2
1725,5,4
1726,4,4
1727,5,5
1728,7,6
1729,8,8
1730,5,5
1731,6,6
1732,8,8
1733,4,3
1734,0,0
1735,2,2
1736,7,7
1737,2,2
1738,3,3
1739,4,4
1740,11,10
1741,4,2
1742,6,6
1743,4,4
1744,4,4
1745,1,1
1746,9,8
1747,4,3
1748,8,8
1749,3,3
1750,3,3
1751,3,1
1752,3,2
1753,6,5
1754,11,11
1755,5,5
1756,8,8
1757,3,3
1758,0,0
1759,6,6
1760,10,9
1761,3,3
1762,4,3
1763,7,7
1764,2,2
1765,3,3
1766,7,6
1767,2,2
1768,4,2
1769,5,5
1770,0,0
1771,6,5
1772,1,1
1773,16,15
1774,3,2
1775,2,2
1776,4,4
1777,2,2
1778,6,6
1779,7,7
1780,4,4
1781,4,3
1782,3,3
1783,8,7
1784,3,3
1785,0,0
1786,13,11
1787,4,4
1788,6,6
1789,10,10
1790,6,6
1791,11,10
1792,5,5
1793,2,2
1794,6,5
1795,0,0
1796,8,8
1797,10,10
1798,10,10
1799,4,4
1800,0,0
1801,4,2
1802,6,6
1803,3,3
1804,4,4
1805,7,5
1806,5,5
1807,5,5
1808,30,29
1809,2,2
1810,4,4
1811,6,4
1812,11,11
1813,4,4
1814,12,12
1815,6,5
1816,12,12
1817,7,7
1818,6,6
1819,18,18
1820,1,1
1821,6,6
1822,8,8
1823,8,8
1824,8,7
1825,9,5
1826,12,12
1827,6,6
1828,6,5
1829,7,7
1830,6,6
1831,5,4
1832,5,5
1833,7,7
1834,6,6
1835,2,2
1836,4,3
1837,2,2
1838,3,3
1839,3,2
1840,2,2
1841,10,10
1842,4,3
1843,5,5
1844,1,1
1845,1,1
1846,2,2
1847,2,2
1848,7,7
1849,5,5
1850,10,10
1851,9,5
1852,6,4
1853,5,3
1854,4,4
1855,5,5
1856,8,8
1857,5,3
1858,8,8
1859,2,2
1860,5,4
1861,9,9
1862,12,11
1863,4,2
1864,3,3
1865,4,2
1866,1,1
1867,2,2
1868,0,0
1869,10,10
1870,5,5
1871,8,7
1872,13,13
1873,24,24
1874,3,3
1875,3,1
1876,6,6
1877,5,5
1878,7,5
1879,4,2
1880,1,1
1881,5,5
1882,4,4
1883,4,4
1884,4,3
1885,4,4
1886,4,3
1887,9,9
1888,6,6
1889,3,3
1890,4,4
1891,1,1
1892,8,8
1893,8,8
1894,6,5
1895,4,4
1896,4,3
1897,4,4
1898,12,11
1899,4,4
1900,4,4
1901,3,3
1902,4,3
1903,7,7
1904,4,4
1905,10,10
1906,5,4
1907,4,4
1908,3,3
1909,3,3
1910,5,4
1911,1,1
1912,2,2
1913,1,1
1914,5,5
1915,10,10
1916,5,5
1917,5,4
1918,3,3
1919,2,2
1920,5,4
1921,11,10
1922,7,7
1923,7,7
1924,8,7
1925,5,5
1926,2,2
1927,2,2
1928,4,3
1929,8,8
1930,9,9
1931,6,5
1932,4,4
1933,6,6
1934,15,14
1935,5,3
1936,4,3
1937,18,18
1938,7,6
1939,6,5
1940,12,12
1941,4,3
1942,4,4
1943,4,4
1944,5,5
1945,5,5
1946,5,5
1947,0,0
1948,7,6
1949,10,10
1950,0,0
1951,7,6
1952,6,5
1953,8,8
1954,13,13
1955,5,2
1956,2,2
1957,3,3
1958,6,6
1959,3,3
1960,0,0
1961,2,2
1962,3,3
1963,0,0
1964,8,8
1965,7,7
1966,5,5
1967,4,4
1968,3,2
1969,5,5
1970,4,4
1971,5,5
1972,3,2
1973,2,2
1974,2,2
1975,2,2
1976,2,2
1977,6,6
1978,8,8
1979,8,8
1980,39,39
1981,6,6
1982,7,5
1983,0,0
1984,4,4
1985,5,5
1986,6,6
1987,5,5
1988,4,3
1989,3,3
1990,5,5
1991,7,7
1992,9,9
1993,8,8
1994,5,5
1995,4,3
1996,2,2
1997,8,8
1998,3,3
1999,12,11
2000,10,9
2001,6,3
2002,1,1
2003,7,6
2004,8,8
2005,16,16
2006,4,2
2007,2,2
2008,9,9
2009,4,4
2010,6,4
2011,27,26
2012,5,5
2013,5,3
2014,4,4
2015,4,4
2016,4,4
2017,3,3
2018,3,3
2019,12,10
2020,4,4
2021,5,5
2022,4,4
2023,4,4
2024,6,6
2025,8,8
2026,6,5
2027,6,6
2028,11,9
2029,9,5
2030,5,1
2031,12,12
2032,9,8
2033,0,0
2034,5,5
2035,13,13
2036,5,5
2037,0,0
2038,5,5
2039,6,5
2040,3,3
2041,5,5
2042,6,6
2043,8,7
2044,7,5
2045,4,4
2046,2,2
2047,0,0
2048,8,7
2049,5,4
2050,6,6
2051,7,6
2052,6,6
2053,4,4
2054,3,3
2055,8,8
2056,2,2
2057,7,5
2058,2,1
2059,0,0
2060,4,4
2061,0,0
2062,7,5
2063,3,3
2064,8,8
2065,4,4
2066,6,5
2067,7,7
2068,7,5
2069,5,5
2070,34,33
2071,8,8
2072,13,13
2073,6,5
2074,0,0
2075,7,7
2076,8,8
2077,8,7
2078,16,16
2079,7,4
2080,6,3
2081,2,1
2082,5,3
2083,3,3
2084,3,3
2085,2,1
2086,0,0
2087,14,14
2088,8,8
2089,6,6
2090,8,8
2091,4,4
2092,7,4
2093,5,5
2094,3,3
2095,4,4
2096,5,5
2097,4,2
2098,4,4
2099,1,1
2100,6,4
2101,6,3
2102,4,4
2103,3,3
2104,2,2
2105,5,5
2106,3,3
2107,9,9
2108,6,6
2109,4,4
2110,28,28
2111,2,2
2112,3,3
2113,4,4
2114,2,2
2115,4,4
2116,9,8
2117,7,6
2118,8,6
2119,8,5
2120,4,4
2121,3,2
2122,6,6
2123,4,4
2124,8,7
2125,14,14
2126,4,4
2127,14,14
2128,8,3
2129,8,8
2130,2,1
2131,12,12
2132,7,7
2133,2,2
2134,1,1
2135,2,2
2136,4,4
2137,6,4
2138,6,6
2139,6,6
2140,2,2
2141,14,14
2142,4,4
2143,6,6
2144,7,7
2145,6,5
2146,8,8
2147,5,5
2148,8,8
2149,2,2
2150,10,9
2151,5,5
2152,7,6
2153,4,4
2154,13,12
2155,5,4
2156,5,4
2157,6,3
2158,14,13
2159,4,4
2160,5,5
2161,0,0
2162,5,3
2163,3,1
2164,7,6
2165,7,7
2166,5,5
2167,4,4
2168,6,6
2169,0,0
2170,7,5
2171,6,5
2172,6,6
2173,9,9
2174,3,3
2175,6,2
2176,6,6
2177,2,2
2178,8,8
2179,8,4
2180,9,9
2181,6,6
2182,13,13
2183,6,5
2184,2,2
2185,5,5
2186,8,8
2187,5,5
2188,11,11
2189,12,12
2190,9,9
2191,6,6
2192,3,2
2193,5,5
2194,5,4
2195,7,7
2196,2,2
2197,7,7
2198,5,5
2199,6,6
2200,8,7
2201,5,5
2202,7,7
2203,2,2
2204,12,11
2205,10,9
2206,9,9
2207,11,11
2208,2,2
2209,6,6
2210,3,2
2211,3,3
2212,7,6
2213,2,2
2214,6,6
2215,12,12
2216,3,1
2217,4,3
2218,4,2
2219,6,5
2220,4,4
2221,5,5
2222,6,5
2223,4,3
2224,4,4
2225,4,4
2226,9,9
2227,16,16
2228,3,3
2229,8,5
2230,8,6
2231,5,5
2232,7,5
2233,8,7
2234,5,5
2235,8,7
2236,5,5
2237,12,12
2238,11,10
2239,5,4
2240,4,4
2241,11,11
2242,5,5
2243,5,5
2244,2,2
2245,4,4
2246,4,4
2247,10,9
2248,4,4
2249,3,3
2250,5,5
2251,8,8
2252,6,5
2253,7,7
2254,9,8
2255,4,4
2256,8,8
2257,3,3
2258,9,8
2259,7,4
2260,6,6
2261,9,9
2262,9,8
2263,6,6
2264,4,4
2265,3,3
2266,4,4
2267,12,12
2268,3,2
2269,4,4
2270,6,6
2271,13,11
2272,4,4
2273,6,6
2274,4,4
2275,5,5
2276,4,4
2277,7,7
2278,14,14
2279,10,10
2280,4,4
2281,2,2
2282,9,9
2283,9,9
2284,10,10
2285,5,3
2286,4,4
2287,4,4
2288,4,4
2289,7,6
2290,5,1
2291,2,2
2292,4,4
2293,6,4
2294,4,3
2295,6,6
2296,5,5
2297,6,5
2298,6,6
2299,9,8
2300,5,5
2301,2,2
2302,9,9
2303,3,3
2304,4,4
2305,8,8
2306,24,24
2307,5,5
2308,4,4
2309,5,5
2310,6,6
2311,3,3
2312,4,4
2313,4,4
2314,7,7
2315,1,1
2316,4,4
2317,7,6
2318,10,9
2319,4,4
2320,1,1
2321,12,12
2322,9,7
2323,1,1
2324,9,9
2325,3,3
2326,4,2
2327,7,7
2328,2,2
2329,5,5
2330,3,3
2331,1,1
2332,10,10
2333,2,2
2334,2,2
2335,10,10
2336,6,2
2337,8,5
2338,4,4
2339,4,2
2340,10,8
2341,2,2
2342,9,9
2343,10,10
2344,6,6
2345,0,0
2346,4,4
2347,1,1
2348,2,2
2349,8,8
2350,6,5
2351,2,2
2352,3,3
2353,3,3
2354,5,5
2355,6,6
2356,13,13
2357,5,5
2358,4,4
2359,5,5
2360,9,3
2361,5,5
2362,6,4
2363,2,2
2364,1,1
2365,12,11
2366,7,7
2367,6,6
2368,4,4
2369,6,5
2370,4,4
2371,5,3
2372,2,2
2373,9,9
2374,5,4
2375,4,2
2376,2,2
2377,5,4
2378,13,11
2379,2,2
2380,8,5
2381,3,2
2382,9,9
2383,2,2
2384,6,6
2385,22,21
2386,6,5
2387,6,5
2388,6,5
2389,18,17
2390,6,6
2391,5,5
2392,6,5
2393,7,7
2394,4,4
2395,6,6
2396,8,8
2397,3,1
2398,5,5
2399,0,0
2400,0,0
2401,8,7
2402,8,4
2403,4,4
2404,1,1
2405,7,5
2406,3,1
2407,7,7
2408,4,4
2409,2,2
2410,6,6
2411,6,6
2412,4,4
2413,2,2
2414,8,8
2415,3,3
2416,3,2
2417,5,5
2418,6,6
2419,13,12
2420,3,3
2421,2,2
2422,12,7
2423,9,6
2424,7,7
2425,8,8
2426,6,6
2427,9,5
2428,4,4
2429,6,5
2430,0,0
2431,5,4
2432,8,8
2433,14,14
2434,5,4
2435,10,10
2436,3,3
2437,7,7
2438,5,5
2439,6,6
2440,1,1
2441,9,9
2442,6,5
2443,0,0
2444,7,7
2445,6,6
2446,9,9
2447,2,2
2448,7,4
2449,5,5
2450,14,14
2451,5,5
2452,6,5
2453,10,9
2454,4,4
2455,7,7
2456,4,4
2457,4,4
2458,4,4
2459,0,0
2460,16,16
2461,7,7
2462,3,3
2463,5,5
2464,4,4
2465,2,2
2466,5,5
2467,5,5
2468,4,4
2469,4,4
2470,7,6
2471,6,5
2472,2,2
2473,4,3
2474,9,9
2475,9,9
2476,13,12
2477,4,4
2478,3,2
2479,10,9
2480,6,5
2481,5,4
2482,4,4
2483,0,0
2484,14,14
2485,6,6
2486,3,3
2487,6,6
2488,0,0
2489,6,6
2490,1,1
2491,23,22
2492,7,7
2493,9,8
2494,5,5
2495,9,8
2496,5,4
2497,6,6
2498,4,4
2499,1,1
2500,2,2
2501,3,3
2502,2,2
2503,5,4
2504,4,3
2505,5,5
2506,0,0
2507,5,5
2508,6,5
2509,9,9
2510,4,4
2511,4,4
2512,1,1
2513,3,3
2514,3,2
2515,6,6
2516,5,5
2517,6,6
2518,7,7
2519,4,3
2520,2,2
2521,5,5
2522,2,2
2523,10,8
2524,2,2
2525,5,5
2526,4,4
2527,11,10
2528,11,11
2529,2,2
2530,8,8
2531,9,9
2532,2,2
2533,8,7
2534,0,0
2535,2,1
2536,7,7
2537,6,4
2538,5,5
2539,10,10
2540,6,6
2541,15,15
2542,6,5
2543,6,6
2544,8,7
2545,1,1
2546,1,1
2547,7,7
2548,13,11
2549,8,8
2550,4,4
2551,2,2
2552,6,6
2553,0,0
2554,5,5
2555,8,8
2556,5,5
2557,0,0
2558,6,5
2559,11,10
2560,5,5
2561,2,2
2562,8,8
2563,5,5
2564,5,4
2565,6,6
2566,3,2
2567,7,7
2568,6,6
2569,6,4
2570,7,7
2571,10,10
2572,10,10
2573,7,7
2574,4,4
2575,16,15
2576,3,2
2577,8,8
2578,8,8
2579,3,3
2580,3,3
2581,8,8
2582,4,3
2583,4,4
2584,8,8
2585,4,1
2586,2,2
2587,6,6
2588,2,2
2589,6,6
2590,6,6
2591,8,7
2592,5,5
2593,5,5
2594,2,1
2595,5,5
2596,8,8
2597,2,2
2598,6,6
2599,14,14
2600,3,2
2601,8,8
2602,5,5
2603,5,4
2604,6,6
2605,2,2
2606,9,7
2607,5,4
2608,3,3
2609,0,0
2610,4,4
2611,9,8
2612,7,7
2613,7,7
2614,9,8
2615,3,3
2616,7,7
2617,2,2
2618,7,7
2619,2,2
2620,5,5
2621,8,8
2622,3,3
2623,6,6
2624,4,4
2625,10,9
2626,9,8
2627,7,7
2628,7,7
2629,3,3
2630,6,6
2631,7,7
2632,6,4
2633,6,3
2634,2,2
2635,2,2
2636,2,2
2637,10,7
2638,7,6
2639,5,5
2640,2,2
2641,5,5
2642,4,3
2643,8,6
2644,9,4
2645,8,8
2646,4,4
2647,3,3
2648,6,6
2649,4,4
2650,8,4
2651,3,3
2652,3,3
2653,8,8
2654,13,12
2655,4,4
2656,4,3
2657,11,7
2658,5,5
2659,4,3
2660,4,4
2661,5,5
2662,8,5
2663,1,1
2664,12,12
2665,4,3
2666,18,18
2667,6,6
2668,6,6
2669,4,4
2670,4,4
2671,4,4
2672,4,4
2673,6,5
2674,2,1
2675,0,0
2676,4,4
2677,3,3
2678,3,3
2679,11,11
2680,10,9
2681,11,10
2682,5,5
2683,3,3
2684,6,3
2685,4,4
2686,11,11
2687,4,4
2688,6,6
2689,3,3
2690,6,6
2691,15,14
2692,2,2
2693,11,11
2694,2,2
2695,5,5
2696,7,6
2697,2,2
2698,7,7
2699,15,15
2700,5,5
2701,6,4
2702,18,18
2703,4,4
2704,3,3
2705,3,3
2706,9,9
2707,9,9
2708,6,6
2709,5,5
2710,4,4
2711,7,6
2712,2,2
2713,8,7
2714,5,5
2715,3,3
2716,14,14
2717,6,6
2718,3,3
2719,6,6
2720,8,4
2721,2,1
2722,4,4
2723,3,3
2724,4,3
2725,6,5
2726,7,5
2727,5,5
2728,5,4
2729,6,6
2730,2,2
2731,6,5
2732,4,4
2733,8,8
2734,4,4
2735,0,0
2736,5,5
2737,5,5
2738,2,2
2739,3,3
2740,4,3
2741,9,8
2742,2,2
2743,10,10
2744,8,8
2745,3,3
2746,4,3
2747,4,2
2748,2,2
2749,5,5
2750,2,2
2751,0,0
2752,4,4
2753,6,5
2754,3,2
2755,4,4
2756,3,3
2757,4,4
2758,10,10
2759,5,5
2760,1,1
2761,1,1
2762,4,4
2763,4,3
2764,4,4
2765,5,5
2766,5,5
2767,11,11
2768,6,6
2769,4,4
2770,1,1
2771,6,6
2772,6,6
2773,3,3
2774,16,15
2775,7,7
2776,7,7
2777,6,6
2778,3,3
2779,8,7
2780,3,1
2781,2,2
2782,5,5
2783,9,8
2784,0,0
2785,3,3
2786,9,9
2787,6,6
2788,5,5
2789,1,1
2790,5,5
2791,4,4
2792,5,5
2793,5,3
2794,3,3
2795,10,9
2796,4,4
2797,6,4
2798,4,4
2799,11,11
2800,6,6
2801,5,4
2802,2,2
2803,2,2
2804,4,4
2805,2,2
2806,10,10
2807,5,4
2808,8,7
2809,3,2
2810,3,3
2811,5,5
2812,2,2
2813,7,7
2814,5,2
2815,8,8
2816,5,5
2817,1,1
2818,5,4
2819,5,4
2820,6,6
2821,7,7
2822,14,13
2823,2,2
2824,3,3
2825,7,6
2826,7,7
2827,3,2
2828,1,1
2829,5,5
2830,2,2
2831,4,4
2832,1,1
2833,0,0
2834,5,5
2835,8,8
2836,3,3
2837,5,4
2838,5,5
2839,5,4
2840,4,4
2841,8,7
2842,7,7
2843,6,3
2844,14,13
2845,3,3
2846,2,0
2847,0,0
2848,9,9
2849,0,0
2850,5,5
2851,6,6
2852,13,13
2853,8,8
2854,6,5
2855,4,3
2856,4,3
2857,13,13
2858,11,11
2859,4,4
2860,2,2
2861,6,5
2862,8,7
2863,7,7
2864,5,5
2865,8,6
2866,5,5
2867,13,12
2868,7,7
2869,2,2
2870,6,6
2871,6,6
2872,6,5
2873,8,8
2874,1,1
2875,5,5
2876,2,1
2877,7,7
2878,2,2
2879,6,6
2880,3,3
2881,3,2
2882,2,2
2883,8,8
2884,6,6
2885,2,2
2886,13,12
2887,2,2
2888,9,8
2889,4,3
2890,8,8
2891,7,7
2892,4,4
2893,10,10
2894,3,3
2895,3,2
2896,1,1
2897,4,3
2898,8,8
2899,9,9
2900,6,6
2901,4,4
2902,7,7
2903,8,7
2904,6,6
2905,8,6
2906,7,6
2907,7,6
2908,6,6
2909,9,9
2910,4,4
2911,8,8
2912,4,3
2913,5,4
2914,5,4
2915,9,4
2916,4,4
2917,4,2
2918,4,4
2919,5,3
2920,4,4
2921,5,4
2922,3,3
2923,8,8
2924,0,0
2925,3,3
2926,10,10
2927,8,7
2928,8,5
2929,6,6
2930,1,1
2931,5,5
2932,4,4
2933,6,2
2934,6,6
2935,4,3
2936,8,8
2937,4,4
2938,8,8
2939,4,4
2940,1,1
2941,2,2
2942,5,5
2943,6,5
2944,9,8
2945,5,5
2946,12,10
2947,5,5
2948,5,5
2949,6,5
2950,6,6
2951,6,6
2952,4,4
2953,4,3
2954,0,0
2955,5,5
2956,2,2
2957,5,5
2958,3,3
2959,6,5
2960,4,4
2961,3,3
2962,7,7
2963,4,4
2964,2,2
2965,8,7
2966,1,1
2967,5,4
2968,8,8
2969,2,2
2970,6,6
2971,6,6
2972,14,13
2973,5,3
2974,5,4
2975,6,6
2976,5,4
2977,12,12
2978,0,0
2979,11,11
2980,7,7
2981,0,0
2982,7,7
2983,9,9
2984,10,9
2985,5,5
2986,6,6
2987,5,5
2988,6,6
2989,6,6
2990,4,4
2991,11,11
2992,6,5
2993,4,4
2994,5,5
2995,6,6
2996,6,6
2997,5,3
2998,11,6
2999,6,5
3000,6,3
3001,14,13
3002,5,5
3003,4,4
3004,11,11
3005,3,3
3006,4,4
3007,8,8
3008,6,6
3009,6,4
3010,9,6
3011,4,4
3012,5,1
3013,4,4
3014,6,6
3015,5,4
3016,11,11
3017,2,1
3018,5,5
3019,3,2
3020,5,5
3021,4,4
3022,5,5
3023,0,0
3024,4,3
3025,4,4
3026,5,4
3027,13,12
3028,18,17
3029,5,5
3030,7,7
3031,8,8
3032,4,4
3033,8,8
3034,11,11
3035,2,2
3036,11,10
3037,6,5
3038,5,4
3039,4,4
3040,6,5
3041,4,4
3042,5,4
3043,4,4
3044,38,37
3045,10,10
3046,3,3
3047,2,2
3048,8,8
3049,7,7
3050,7,4
3051,2,2
3052,7,7
3053,18,17
3054,6,6
3055,4,1
3056,7,6
3057,2,2
3058,4,4
3059,5,5
3060,4,4
3061,4,4
3062,6,6
3063,7,7
3064,2,2
3065,4,4
3066,4,4
3067,0,0
3068,3,2
3069,4,4
3070,3,3
3071,2,2
3072,5,5
3073,2,2
3074,9,7
3075,6,6
3076,0,0
3077,3,3
3078,6,6
3079,14,13
3080,5,5
3081,4,4
3082,0,0
3083,7,7
3084,3,3
3085,4,4
3086,6,6
3087,6,6
3088,6,5
3089,2,2
3090,6,2
3091,5,5
3092,7,7
3093,5,3
3094,5,5
3095,2,2
3096,4,2
3097,8,6
3098,4,4
3099,13,13
3100,8,5
3101,3,3
3102,7,7
3103,8,7
3104,7,7
3105,2,1
3106,6,6
3107,4,4
3108,1,1
3109,8,6
3110,8,8
3111,4,4
3112,7,5
3113,4,2
3114,5,5
3115,3,3
3116,5,5
3117,6,6
3118,10,10
3119,4,4
3120,1,1
3121,4,4
3122,9,8
3123,2,2
3124,5,5
3125,3,3
3126,4,4
3127,4,4
3128,7,7
3129,8,8
3130,10,10
3131,3,3
3132,0,0
3133,8,8
3134,7,5
3135,13,13
3136,2,2
3137,4,3
3138,8,8
3139,5,5
3140,4,4
3141,3,3
3142,5,5
3143,5,5
3144,6,6
3145,10,9
3146,4,3
3147,11,11
3148,3,3
3149,7,6
3150,14,14
3151,8,7
3152,3,3
3153,5,5
3154,4,2
3155,5,5
3156,4,4
3157,11,10
3158,7,7
3159,4,4
3160,1,1
3161,6,6
3162,2,2
3163,10,7
3164,2,2
3165,4,3
3166,6,4
3167,4,4
3168,12,12
3169,4,4
3170,8,7
3171,8,8
3172,7,6
3173,8,8
3174,10,4
3175,7,6
3176,7,6
3177,6,6
3178,4,4
3179,2,2
3180,2,2
3181,6,6
3182,6,6
3183,5,5
3184,4,4
3185,6,6
3186,6,6
3187,7,7
3188,6,5
3189,3,3
3190,10,8
3191,11,10
3192,7,7
3193,3,3
3194,7,6
3195,3,3
3196,3,3
3197,3,3
3198,6,5
3199,6,6
3200,2,2
3201,3,1
3202,4,4
3203,3,3
3204,0,0
3205,8,8
3206,4,4
3207,6,6
3208,0,0
3209,2,2
3210,6,6
3211,4,4
3212,7,6
3213,6,6
3214,8,8
3215,0,0
3216,7,6
3217,5,5
3218,4,4
3219,10,10
3220,3,0
3221,7,7
3222,2,2
3223,7,7
3224,3,2
3225,4,3
3226,3,2
3227,3,3
3228,15,15
3229,9,8
3230,7,6
3231,7,7
3232,5,5
3233,7,7
3234,1,1
3235,4,4
3236,6,4
3237,3,1
3238,2,2
3239,12,12
3240,2,2
3241,5,4
3242,1,1
3243,5,5
3244,2,2
3245,0,0
3246,8,8
3247,4,4
3248,2,2
3249,3,2
3250,6,6
3251,5,5
3252,2,2
3253,7,4
3254,8,8
3255,4,4
3256,4,4
3257,5,5
3258,9,9
3259,7,7
3260,8,8
3261,10,9
3262,3,3
3263,3,3
3264,2,0
3265,7,6
3266,2,2
3267,16,11
3268,4,4
3269,4,3
3270,9,9
3271,4,4
3272,4,4
3273,10,9
3274,6,6
3275,8,8
3276,3,3
3277,6,5
3278,0,0
3279,8,8
3280,6,6
3281,9,8
3282,18,18
3283,9,8
3284,7,5
3285,5,5
3286,5,5
3287,7,7
3288,5,5
3289,5,5
3290,7,6
3291,5,2
3292,12,10
3293,7,7
3294,5,5
3295,8,8
3296,11,9
3297,3,2
3298,6,3
3299,3,3
3300,5,4
3301,6,6
3302,2,2
3303,0,0
3304,5,5
3305,8,8
3306,5,5
3307,5,5
3308,4,4
3309,6,6
3310,3,3
3311,7,6
3312,3,3
3313,6,6
3314,3,2
3315,9,7
3316,4,4
3317,6,6
3318,2,2
3319,11,10
3320,9,9
3321,0,0
3322,9,9
3323,3,3
3324,5,4
3325,14,13
3326,8,7
3327,5,5
3328,4,4
3329,5,3
3330,3,3
3331,4,3
3332,10,10
3333,5,5
3334,8,8
3335,8,8
3336,4,4
3337,13,11
3338,3,3
3339,5,5
3340,7,6
3341,5,3
3342,9,8
3343,10,10
3344,4,4
3345,3,3
3346,1,1
3347,18,18
3348,6,6
3349,7,6
3350,5,5
3351,8,8
3352,3,3
3353,6,4
3354,4,4
3355,6,4
3356,5,5
3357,11,11
3358,8,8
3359,3,3
3360,4,3
3361,6,5
3362,2,2
3363,4,4
3364,2,2
3365,7,6
3366,4,3
3367,2,2
3368,3,3
3369,11,11
3370,5,5
3371,0,0
3372,7,7
3373,5,5
3374,2,2
3375,6,6
3376,6,6
3377,4,3
3378,6,6
3379,6,6
3380,2,2
3381,6,6
3382,6,6
3383,5,5
3384,2,2
3385,4,4
3386,5,5
3387,8,8
3388,7,6
3389,2,2
3390,9,9
3391,6,4
3392,1,1
3393,5,5
3394,6,6
3395,5,5
3396,8,8
3397,4,3
3398,5,4
3399,5,5
3400,6,5
3401,8,8
3402,5,5
3403,3,3
3404,6,6
3405,6,6
3406,2,2
3407,4,3
3408,2,2
3409,11,10
3410,0,0
3411,3,3
3412,9,8
3413,6,6
3414,5,5
3415,11,5
3416,6,6
3417,6,6
3418,5,5
3419,6,6
3420,4,4
3421,4,4
3422,8,8
3423,6,6
3424,4,4
3425,7,7
3426,4,4
3427,4,4
3428,3,3
3429,0,0
3430,5,5
3431,6,6
3432,3,3
3433,6,6
3434,14,14
3435,5,4
3436,4,3
3437,4,4
3438,8,7
3439,8,7
3440,12,12
3441,5,5
3442,7,7
3443,6,3
3444,6,2
3445,12,11
3446,7,7
3447,7,7
3448,6,6
3449,8,8
3450,4,4
3451,2,2
3452,3,3
3453,8,8
3454,8,4
3455,9,8
3456,2,2
3457,6,6
3458,9,8
3459,4,4
3460,8,7
3461,7,6
3462,6,5
3463,8,8
3464,2,2
3465,13,12
3466,2,2
3467,9,5
3468,1,1
3469,7,7
3470,8,6
3471,6,5
3472,6,6
3473,10,9
3474,4,4
3475,4,4
3476,5,5
3477,4,4
3478,1,1
3479,8,8
3480,6,6
3481,6,5
3482,3,3
3483,2,2
3484,0,0
3485,8,8
3486,4,3
3487,6,6
3488,9,9
3489,3,3
3490,6,6
3491,4,4
3492,4,4
3493,6,6
3494,7,6
3495,6,6
3496,2,2
3497,6,6
3498,4,4
3499,8,8
3500,12,10
3501,4,4
3502,2,2
3503,2,2
3504,5,5
3505,5,5
3506,1,1
3507,5,5
3508,6,6
3509,5,4
3510,2,2
3511,8,8
3512,5,5
3513,0,0
3514,14,14
3515,6,6
3516,7,5
3517,10,10
3518,1,1
3519,19,18
3520,3,3
3521,3,3
3522,7,7
3523,6,6
3524,6,6
3525,6,6
3526,4,4
3527,4,3
3528,6,6
3529,5,5
3530,6,6
3531,5,5
3532,0,0
3533,2,2
3534,6,5
3535,3,2
3536,5,5
3537,4,2
3538,2,2
3539,7,7
3540,2,2
3541,4,4
3542,2,2
3543,2,2
3544,3,3
3545,5,4
3546,5,5
3547,14,14
3548,5,5
3549,3,3
3550,11,7
3551,6,6
3552,4,4
3553,5,5
3554,7,7
3555,6,6
3556,2,2
3557,7,7
3558,6,5
3559,2,2
3560,4,4
3561,3,2
3562,1,1
3563,5,4
3564,2,2
3565,5,4
3566,6,6
3567,2,2
3568,11,10
3569,6,6
3570,4,4
3571,5,5
3572,7,6
3573,7,7
3574,6,6
3575,12,12
3576,6,6
3577,3,3
3578,9,9
3579,9,9
3580,5,5
3581,7,7
3582,5,3
3583,29,28
3584,3,3
3585,4,4
3586,0,0
3587,10,10
3588,3,3
3589,0,0
3590,6,4
3591,4,4
3592,4,4
3593,9,8
3594,16,15
3595,4,3
3596,1,1
3597,2,2
3598,6,6
3599,2,2
3600,7,7
3601,2,2
3602,2,2
3603,7,7
3604,10,10
3605,6,5
3606,6,6
3607,2,2
3608,4,3
3609,8,4
3610,4,4
3611,6,4
3612,3,3
3613,8,7
3614,2,2
3615,6,6
3616,8,8
3617,3,3
3618,6,6
3619,5,5
3620,6,6
3621,5,5
3622,6,6
3623,5,5
3624,2,1
3625,4,4
3626,6,4
3627,4,4
3628,6,5
3629,4,4
3630,7,7
3631,4,4
3632,4,4
3633,8,8
3634,7,5
3635,12,12
3636,7,6
3637,4,4
3638,8,7
3639,6,6
3640,5,5
3641,6,5
3642,16,16
3643,9,9
3644,8,8
3645,2,2
3646,2,2
3647,3,3
3648,5,3
3649,4,4
3650,3,2
3651,9,9
3652,3,3
3653,8,8
3654,14,13
3655,24,24
3656,4,4
3657,2,2
3658,5,5
3659,7,5
3660,4,3
3661,8,8
3662,6,4
3663,6,5
3664,7,7
3665,21,20
3666,5,5
3667,7,7
3668,1,1
3669,14,14
3670,12,12
3671,2,2
3672,8,8
3673,6,6
3674,11,11
3675,10,9
3676,7,6
3677,1,1
3678,5,5
3679,6,5
3680,10,10
3681,4,4
3682,5,4
3683,4,4
3684,10,2
3685,4,4
3686,2,2
3687,13,13
3688,7,5
3689,1,1
3690,7,6
3691,4,4
3692,3,3
3693,6,6
3694,2,2
3695,5,5
3696,4,4
3697,10,10
3698,5,5
3699,10,10
3700,5,3
3701,4,4
3702,5,4
3703,14,13
3704,8,4
3705,2,2
3706,6,5
3707,9,9
3708,3,3
3709,0,0
3710,2,2
3711,2,2
3712,5,5
3713,3,3
3714,6,6
3715,2,2
3716,10,10
3717,8,8
3718,7,7
3719,4,4
3720,5,5
3721,5,5
3722,7,7
3723,6,5
3724,8,8
3725,7,5
3726,6,6
3727,6,6
3728,4,4
3729,3,2
3730,10,10
3731,4,4
3732,8,8
3733,10,10
3734,2,2
3735,5,5
3736,7,6
3737,2,2
3738,4,4
3739,2,2
3740,3,3
3741,5,2
3742,11,11
3743,7,7
3744,4,4
3745,7,7
3746,4,4
3747,7,7
3748,5,5
3749,7,5
3750,7,6
3751,6,6
3752,3,3
3753,6,5
3754,6,6
3755,2,2
3756,3,2
3757,1,1
3758,5,5
3759,4,4
3760,1,1
3761,5,5
3762,9,9
3763,4,4
3764,8,4
3765,4,4
3766,3,2
3767,4,2
3768,7,6
3769,1,1
3770,9,9
3771,5,5
3772,6,5
3773,5,5
3774,4,4
3775,7,6
3776,6,1
3777,13,13
3778,8,7
3779,5,5
3780,2,2
3781,6,6
3782,8,8
3783,1,1
3784,5,4
3785,1,1
3786,6,6
3787,8,7
3788,1,1
3789,0,0
3790,7,7
3791,5,5
3792,4,3
3793,13,12
3794,6,6
3795,10,10
3796,4,4
3797,11,10
3798,3,3
3799,4,4
3800,3,1
3801,6,6
3802,0,0
3803,5,5
3804,6,6
3805,6,6
3806,6,6
3807,10,9
3808,14,14
3809,6,6
3810,0,0
3811,4,2
3812,10,9
3813,9,8
3814,6,6
3815,6,6
3816,7,7
3817,4,4
3818,8,7
3819,1,1
3820,9,8
3821,3,3
3822,2,2
3823,9,8
3824,14,13
3825,11,9
3826,5,4
3827,2,2
3828,11,11
3829,3,1
3830,11,11
3831,4,4
3832,20,17
3833,2,2
3834,6,6
3835,10,10
3836,1,1
3837,5,4
3838,7,5
3839,10,10
3840,4,4
3841,6,4
3842,7,7
3843,10,10
3844,4,4
3845,14,14
3846,5,3
3847,3,3
3848,8,8
3849,4,3
3850,2,2
3851,5,5
3852,4,4
3853,4,4
3854,4,4
3855,8,5
3856,6,6
3857,5,4
3858,2,2
3859,5,3
3860,7,6
3861,8,7
3862,10,10
3863,6,4
3864,3,3
3865,9,8
3866,4,4
3867,4,4
3868,8,7
3869,5,3
3870,6,4
3871,2,2
3872,16,15
3873,10,9
3874,3,1
3875,4,4
3876,6,4
3877,2,2
3878,5,5
3879,6,4
3880,11,7
3881,6,4
3882,3,2
3883,7,5
3884,4,3
3885,9,6
3886,5,5
3887,8,7
3888,6,6
3889,2,2
3890,7,7
3891,4,4
3892,4,4
3893,4,4
3894,13,13
3895,5,5
3896,4,4
3897,6,5
3898,2,2
3899,6,4
3900,3,3
3901,4,4
3902,1,1
3903,5,5
3904,7,6
3905,0,0
3906,3,3
3907,6,6
3908,5,4
3909,2,2
3910,4,4
3911,5,5
3912,5,5
3913,1,1
3914,7,6
3915,8,8
3916,4,3
3917,7,7
3918,1,1
3919,3,3
3920,4,4
3921,2,2
3922,4,4
3923,16,16
3924,4,4
3925,4,4
3926,10,10
3927,9,8
3928,3,3
3929,6,6
3930,6,6
3931,3,2
3932,2,2
3933,7,6
3934,0,0
3935,6,5
3936,4,4
3937,1,1
3938,2,2
3939,5,5
3940,1,1
3941,1,1
3942,1,0
3943,4,4
3944,4,2
3945,14,14
3946,3,1
3947,5,4
3948,17,16
3949,7,4
3950,5,5
3951,4,4
3952,6,6
3953,0,0
3954,7,7
3955,2,2
3956,1,1
3957,2,2
3958,5,5
3959,2,2
3960,6,6
3961,9,3
3962,5,5
3963,7,7
3964,2,2
3965,1,1
3966,6,5
3967,7,6
3968,18,17
3969,3,3
3970,2,2
3971,8,6
3972,8,8
3973,4,4
3974,6,6
3975,6,6
3976,5,4
3977,7,7
3978,14,14
3979,2,2
3980,3,3
3981,5,5
3982,2,2
3983,6,6
3984,0,0
3985,4,4
3986,8,3
3987,0,0
3988,10,10
3989,2,2
3990,2,2
3991,8,8
3992,8,8
3993,10,9
3994,2,2
3995,5,5
3996,11,9
3997,4,4
3998,4,4
3999,3,1
4000,5,4
4001,3,3
4002,4,4
4003,2,2
4004,5,4
4005,3,3
4006,6,5
4007,2,2
4008,5,4
4009,5,3
4010,7,6
4011,8,8
4012,6,6
4013,4,4
4014,2,2
4015,8,8
4016,11,10
4017,10,9
4018,4,4
4019,6,5
4020,6,6
4021,10,10
4022,5,5
4023,5,4
4024,4,4
4025,3,3
4026,12,12
4027,6,5
4028,6,6
4029,4,4
4030,5,4
4031,8,7
4032,4,4
4033,5,5
4034,3,3
4035,4,3
4036,6,5
4037,5,5
4038,7,6
4039,0,0
4040,0,0
4041,5,4
4042,4,4
4043,4,4
4044,8,8
4045,6,4
4046,5,5
4047,4,4
4048,5,4
4049,6,5
4050,4,4
4051,5,4
4052,2,2
4053,5,5
4054,6,3
4055,8,7
4056,8,7
4057,0,0
4058,0,0
4059,4,4
4060,2,2
4061,2,2
4062,0,0
4063,6,6
4064,2,2
4065,5,1
4066,5,5
4067,6,5
4068,4,4
4069,6,6
4070,2,2
4071,4,4
4072,3,3
4073,7,7
4074,7,7
4075,6,6
4076,0,0
4077,3,3
4078,5,3
4079,2,2
4080,4,2
4081,5,5
4082,10,9
4083,6,6
4084,5,4
4085,17,16
4086,3,3
4087,3,3
4088,5,5
4089,3,3
4090,3,3
4091,5,5
4092,8,8
4093,11,10
4094,9,9
4095,10,8
4096,10,10
4097,4,3
4098,2,2
4099,9,9
4100,6,5
4101,5,5
4102,1,1
4103,6,6
4104,13,13
4105,8,8
4106,5,4
4107,1,1
4108,4,4
4109,5,5
4110,5,5
4111,5,5
4112,6,4
4113,12,12
4114,5,5
4115,7,7
4116,5,4
4117,8,8
4118,5,5
4119,7,6
4120,7,7
4121,9,9
4122,14,11
4123,5,5
4124,5,5
4125,6,5
4126,0,0
4127,8,7
4128,7,7
4129,9,5
4130,7,6
4131,2,2
4132,4,4
4133,5,2
4134,7,7
4135,6,6
4136,3,3
4137,6,4
4138,5,3
4139,3,3
4140,3,3
4141,0,0
4142,7,7
4143,8,7
4144,5,5
4145,2,2
4146,1,1
4147,2,2
4148,5,0
4149,4,2
4150,3,2
4151,8,7
4152,4,3
4153,4,4
4154,4,4
4155,4,4
4156,6,6
4157,3,3
4158,2,2
4159,7,7
4160,4,4
4161,10,10
4162,2,2
4163,4,4
4164,7,7
4165,7,7
4166,6,6
4167,4,3
4168,4,4
4169,2,2
4170,2,2
4171,10,10
4172,6,6
4173,5,5
4174,16,15
4175,4,4
4176,4,4
4177,12,12
4178,8,8
4179,4,4
4180,5,5
4181,3,1
4182,8,5
4183,9,9
4184,5,5
4185,8,7
4186,15,11
4187,7,6
4188,6,4
4189,6,6
4190,12,11
4191,1,1
4192,5,5
4193,5,5
4194,5,5
4195,3,3
4196,5,5
4197,4,3
4198,6,5
4199,2,2
4200,6,6
4201,2,2
4202,2,2
4203,10,10
4204,6,6
4205,6,5
4206,4,3
4207,5,5
4208,4,4
4209,5,5
4210,7,7
4211,3,3
4212,23,23
4213,0,0
4214,7,7
4215,5,5
4216,6,6
4217,14,14
4218,4,2
4219,6,6
4220,3,2
4221,6,5
4222,5,5
4223,8,8
4224,2,2
4225,12,12
4226,7,6
4227,4,3
4228,10,10
4229,6,4
4230,5,5
4231,4,4
4232,5,3
4233,1,1
4234,4,4
4235,14,14
4236,8,5
4237,3,3
4238,2,1
4239,5,2
4240,4,4
4241,6,6
4242,5,4
4243,6,6
4244,6,6
4245,6,6
4246,0,0
4247,6,6
4248,0,0
4249,4,3
4250,4,4
4251,9,7
4252,3,3
4253,4,4
4254,10,10
4255,7,7
4256,4,4
4257,2,2
4258,9,7
4259,9,9
4260,2,2
4261,1,1
4262,10,9
4263,3,3
4264,10,7
4265,6,6
4266,4,4
4267,2,2
4268,6,6
4269,9,8
4270,6,5
4271,5,5
4272,6,6
4273,0,0
4274,5,4
4275,8,7
4276,4,4
4277,12,12
4278,3,3
4279,3,3
4280,4,4
4281,8,7
4282,8,8
4283,22,21
4284,5,5
4285,4,4
4286,2,2
4287,7,7
4288,3,3
4289,11,11
4290,5,4
4291,6,6
4292,4,4
4293,7,6
4294,0,0
4295,4,2
4296,37,35
4297,2,2
4298,3,3
4299,4,3
4300,5,5
4301,8,8
4302,2,2
4303,1,1
4304,6,6
4305,4,4
4306,6,6
4307,6,6
4308,8,8
4309,3,3
4310,0,0
4311,6,5
4312,4,2
4313,6,6
4314,4,2
4315,7,7
4316,2,2
4317,2,1
4318,6,6
4319,10,9
4320,6,6
4321,6,6
4322,6,6
4323,7,7
4324,4,2
4325,8,8
4326,13,13
4327,15,15
4328,6,6
4329,4,4
4330,10,9
4331,4,4
4332,5,5
4333,7,7
4334,8,6
4335,3,3
4336,6,5
4337,2,2
4338,12,12
4339,4,4
4340,7,6
4341,4,4
4342,3,3
4343,9,8
4344,1,1
4345,6,6
4346,9,9
4347,6,6
4348,10,10
4349,4,4
4350,7,7
4351,4,4
4352,10,10
4353,12,12
4354,0,0
4355,4,3
4356,6,6
4357,7,6
4358,3,3
4359,5,4
4360,6,5
4361,5,5
4362,0,0
4363,6,4
4364,10,9
4365,4,4
4366,4,4
4367,11,11
4368,5,5
4369,4,4
4370,5,4
4371,5,5
4372,2,2
4373,6,6
4374,12,12
4375,3,3
4376,3,3
4377,5,4
4378,6,6
4379,4,4
4380,6,4
4381,4,3
4382,4,4
4383,10,10
4384,6,4
4385,4,4
4386,8,8
4387,2,2
4388,2,2
4389,10,9
4390,5,4
4391,8,8
4392,3,3
4393,3,3
4394,3,3
4395,10,10
4396,4,4
4397,3,3
4398,1,1
4399,8,7
4400,5,5
4401,8,8
4402,3,3
4403,5,5
4404,0,0
4405,12,11
4406,5,3
4407,5,5
4408,18,18
4409,4,3
4410,5,5
4411,6,6
4412,5,3
4413,9,9
4414,6,6
4415,3,3
4416,5,5
4417,4,4
4418,5,5
4419,6,4
4420,11,10
4421,2,2
4422,4,3
4423,7,7
4424,6,2
4425,5,3
4426,5,5
4427,9,9
4428,0,0
4429,5,5
4430,4,4
4431,4,4
4432,9,8
4433,5,5
4434,2,2
4435,5,4
4436,8,8
4437,6,3
4438,12,11
4439,8,8
4440,3,2
4441,2,2
4442,3,3
4443,3,1
4444,8,4
4445,13,13
4446,13,13
4447,5,5
4448,6,3
4449,6,6
4450,12,12
4451,2,2
4452,4,4
4453,2,2
4454,7,7
4455,12,12
4456,5,5
4457,3,3
4458,4,4
4459,5,3
4460,4,4
4461,3,3
4462,8,7
4463,4,3
4464,9,7
4465,2,2
4466,2,2
4467,0,0
4468,4,4
4469,7,7
4470,5,5
4471,9,9
4472,7,7
4473,3,3
4474,8,4
4475,4,4
4476,3,3
4477,4,4
4478,4,4
4479,5,4
4480,2,2
4481,4,4
4482,6,6
4483,6,5
4484,2,1
4485,4,4
4486,1,1
4487,3,3
4488,2,2
4489,2,1
4490,8,6
4491,7,7
4492,4,4
4493,5,5
4494,2,2
4495,3,3
4496,2,2
4497,5,5
4498,8,8
4499,2,2
4500,2,2
4501,3,3
4502,9,8
4503,8,7
4504,18,17
4505,4,4
4506,7,5
4507,10,10
4508,5,5
4509,3,3
4510,8,8
4511,6,6
4512,6,5
4513,1,1
4514,6,4
4515,4,4
4516,1,1
4517,2,2
4518,9,9
4519,4,4
4520,4,4
4521,6,5
4522,3,3
4523,0,0
4524,0,0
4525,5,5
4526,5,5
4527,3,3
4528,7,7
4529,2,2
4530,0,0
4531,5,5
4532,7,5
4533,9,9
4534,10,10
4535,2,2
4536,5,5
4537,1,1
4538,9,9
4539,5,4
4540,8,7
4541,3,3
4542,8,8
4543,0,0
4544,4,4
4545,3,3
4546,7,6
4547,5,5
4548,2,2
4549,2,2
4550,6,6
4551,6,6
4552,3,3
4553,9,8
4554,9,6
4555,6,6
4556,2,2
4557,2,1
4558,6,5
4559,5,3
4560,2,2
4561,7,6
4562,0,0
4563,2,2
4564,9,9
4565,2,2
4566,4,4
4567,5,5
4568,8,8
4569,7,7
4570,8,8
4571,0,0
4572,6,6
4573,4,4
4574,5,4
4575,4,4
4576,8,8
4577,5,5
4578,7,6
4579,6,6
4580,6,5
4581,3,3
4582,3,3
4583,5,5
4584,2,2
4585,8,8
4586,2,2
4587,9,9
4588,8,7
4589,1,1
4590,0,0
4591,6,1
4592,16,16
4593,2,2
4594,5,5
4595,3,3
4596,5,3
4597,0,0
4598,15,15
4599,2,2
4600,4,4
4601,5,5
4602,5,5
4603,3,3
4604,7,7
4605,0,0
4606,5,5
4607,3,3
4608,0,0
4609,2,2
4610,0,0
4611,3,3
4612,3,3
4613,5,4
4614,4,4
4615,4,4
4616,3,3
4617,3,2
4618,4,4
4619,3,2
4620,3,3
4621,6,6
4622,5,5
4623,12,12
4624,12,11
4625,2,2
4626,6,6
4627,2,1
4628,2,2
4629,2,1
4630,5,5
4631,2,2
4632,3,3
4633,3,2
4634,7,7
4635,10,9
4636,8,8
4637,8,8
4638,4,4
4639,4,4
4640,7,6
4641,5,5
4642,4,4
4643,7,5
4644,7,7
4645,11,11
4646,0,0
4647,1,1
4648,7,7
4649,2,2
4650,3,2
4651,5,4
4652,3,2
4653,0,0
4654,3,3
4655,7,7
4656,5,5
4657,7,7
4658,4,4
4659,6,6
4660,11,11
4661,8,7
4662,7,2
4663,4,3
4664,6,6
4665,4,4
4666,0,0
4667,4,4
4668,7,7
4669,4,4
4670,0,0
4671,2,2
4672,11,10
4673,4,4
4674,6,3
4675,7,7
4676,6,6
4677,13,13
4678,0,0
4679,3,3
4680,5,5
4681,8,7
4682,5,5
4683,6,6
4684,4,4
4685,2,2
4686,3,3
4687,26,25
4688,6,6
4689,4,4
4690,3,3
4691,2,2
4692,9,9
4693,4,4
4694,11,11
4695,5,5
4696,4,4
4697,5,5
4698,7,7
4699,4,4
4700,6,4
4701,8,7
4702,3,3
4703,11,10
4704,6,4
4705,4,4
4706,8,7
4707,1,1
4708,6,6
4709,7,7
4710,6,6
4711,2,2
4712,2,2
4713,7,5
4714,3,3
4715,1,1
4716,7,7
4717,7,6
4718,4,4
4719,2,1
4720,5,5
4721,8,8
4722,3,2
4723,7,3
4724,6,5
4725,7,7
4726,8,8
4727,3,2
4728,6,6
4729,0,0
4730,7,7
4731,3,3
4732,6,6
4733,5,5
4734,14,13
4735,2,2
4736,5,5
4737,10,9
4738,3,3
4739,4,4
4740,8,7
4741,9,7
4742,10,10
4743,4,4
4744,6,6
4745,6,6
4746,6,6
4747,11,11
4748,5,5
4749,8,8
4750,6,6
4751,3,3
4752,5,5
4753,7,7
4754,10,10
4755,9,9
4756,7,7
4757,3,3
4758,0,0
4759,8,8
4760,3,3
4761,10,10
4762,2,2
4763,5,5
4764,4,4
4765,9,7
4766,1,1
4767,7,5
4768,6,6
4769,5,3
4770,2,2
4771,4,4
4772,2,2
4773,2,2
4774,9,8
4775,3,3
4776,7,7
4777,3,2
4778,5,5
4779,12,5
4780,9,9
4781,5,5
4782,7,7
4783,3,3
4784,6,6
4785,2,2
4786,4,4
4787,5,5
4788,0,0
4789,4,4
4790,11,10
4791,1,1
4792,6,6
4793,4,3
4794,4,4
4795,2,2
4796,4,4
4797,11,11
4798,5,4
4799,4,4
4800,4,3
4801,6,5
4802,2,2
4803,6,6
4804,7,7
4805,5,5
4806,15,14
4807,10,9
4808,8,7
4809,6,4
4810,4,3
4811,8,6
4812,5,4
4813,8,8
4814,7,7
4815,10,9
4816,5,3
4817,2,1
4818,3,3
4819,8,7
4820,8,7
4821,7,7
4822,4,4
4823,2,0
4824,4,4
4825,5,4
4826,9,9
4827,2,2
4828,5,5
4829,4,4
4830,2,2
4831,2,2
4832,3,2
4833,7,7
4834,9,9
4835,5,5
4836,10,10
4837,4,4
4838,6,6
4839,4,2
4840,0,0
4841,4,3
4842,11,10
4843,7,7
4844,2,2
4845,9,9
4846,8,8
4847,5,4
4848,5,5
4849,8,8
4850,8,8
4851,7,6
4852,6,6
4853,8,5
4854,4,4
4855,4,4
4856,6,6
4857,0,0
4858,3,3
4859,8,8
4860,2,2
4861,0,0
4862,2,2
4863,9,8
4864,4,3
4865,5,5
4866,5,4
4867,1,1
4868,5,1
4869,4,4
4870,10,9
4871,5,5
4872,2,2
4873,4,4
4874,5,5
4875,4,4
4876,14,12
4877,6,5
4878,7,4
4879,2,2
4880,3,3
4881,3,3
4882,8,8
4883,18,18
4884,5,5
4885,5,4
4886,5,5
4887,6,6
4888,6,6
4889,5,3
4890,5,5
4891,10,9
4892,5,5
4893,8,8
4894,9,9
4895,3,2
4896,4,4
4897,4,4
4898,2,2
4899,11,11
4900,4,4
4901,4,4
4902,4,4
4903,6,6
4904,4,3
4905,9,9
4906,4,3
4907,5,4
4908,9,8
4909,4,2
4910,5,5
4911,5,4
4912,4,4
4913,6,6
4914,4,4
4915,6,6
4916,5,5
4917,5,5
4918,2,2
4919,8,8
4920,9,9
4921,14,10
4922,8,8
4923,7,7
4924,8,6
4925,10,10
4926,3,3
4927,6,6
4928,10,9
4929,5,5
4930,8,7
4931,1,1
4932,4,3
4933,7,7
4934,9,8
4935,6,6
4936,0,0
4937,3,3
4938,3,3
4939,3,3
4940,3,3
4941,4,4
4942,6,6
4943,6,5
4944,4,4
4945,6,6
4946,10,10
4947,3,3
4948,11,6
4949,2,1
4950,10,8
4951,14,14
4952,6,6
4953,5,3
4954,4,3
4955,5,4
4956,4,3
4957,6,6
4958,12,12
4959,3,3
4960,5,5
4961,5,4
4962,8,8
4963,3,3
4964,4,4
4965,5,5
4966,1,1
4967,7,7
4968,6,6
4969,6,6
4970,7,7
4971,2,2
4972,8,8
4973,12,12
4974,3,3
4975,7,7
4976,4,4
4977,4,4
4978,7,7
4979,4,4
4980,7,7
4981,7,6
4982,8,8
4983,10,10
4984,5,5
4985,4,4
4986,8,8
4987,2,2
4988,3,3
4989,5,5
4990,7,4
4991,2,2
4992,8,8
4993,4,3
4994,6,4
4995,8,7
4996,5,5
4997,7,4
4998,4,2
4999,21,20
5000,4,2
5001,7,7
5002,2,2
5003,7,7
5004,7,7
5005,5,4
5006,8,7
5007,4,4
5008,13,12
5009,5,5
5010,6,3
5011,18,13
5012,6,4
5013,5,4
5014,10,10
5015,5,2
5016,2,2
5017,3,3
5018,0,0
5019,7,7
5020,1,1
5021,6,6
5022,5,4
5023,1,1
5024,9,9
5025,8,8
5026,7,7
5027,0,0
5028,7,6
5029,6,6
5030,6,5
5031,5,5
5032,6,6
5033,4,4
5034,12,11
5035,8,8
5036,4,4
5037,4,4
5038,12,12
5039,4,4
5040,9,5
5041,2,1
5042,2,2
5043,6,5
5044,6,5
5045,4,4
5046,1,1
5047,6,6
5048,8,8
5049,4,2
5050,5,5
5051,6,5
5052,4,3
5053,6,5
5054,5,5
5055,8,7
5056,6,6
5057,12,12
5058,6,6
5059,5,5
5060,6,5
5061,5,5
5062,2,2
5063,6,6
5064,2,2
5065,1,1
5066,5,5
5067,6,6
5068,25,4
5069,9,9
5070,4,4
5071,7,7
5072,7,6
5073,9,8
5074,8,8
5075,4,4
5076,4,4
5077,10,10
5078,5,5
5079,9,7
5080,3,3
5081,5,5
5082,4,4
5083,9,6
5084,6,5
5085,4,4
5086,12,12
5087,8,8
5088,3,3
5089,3,3
5090,4,4
5091,4,4
5092,4,3
5093,5,4
5094,5,4
5095,6,6
5096,4,4
5097,7,6
5098,6,6
5099,6,6
5100,12,11
5101,4,4
5102,4,4
5103,8,8
5104,3,3
5105,9,5
5106,4,4
5107,2,2
5108,4,2
5109,8,8
5110,9,8
5111,2,2
5112,8,8
5113,4,4
5114,6,6
5115,6,6
5116,6,4
5117,2,2
5118,5,4
5119,13,12
5120,5,5
5121,6,6
5122,6,5
5123,6,4
5124,18,18
5125,6,5
5126,4,3
5127,5,4
5128,9,9
5129,4,4
5130,12,12
5131,8,4
5132,4,4
5133,4,3
5134,5,4
5135,5,5
5136,4,2
5137,8,7
5138,4,4
5139,12,12
5140,4,4
5141,6,6
5142,9,9
5143,3,3
5144,6,6
5145,8,8
5146,7,7
5147,4,4
5148,7,4
5149,9,8
5150,7,6
5151,4,4
5152,7,6
5153,3,2
5154,4,4
5155,12,9
5156,12,10
5157,6,5
5158,5,2
5159,5,5
5160,3,3
5161,1,1
5162,8,8
5163,11,11
5164,1,1
5165,7,7
5166,6,6
5167,4,3
5168,10,10
5169,2,2
5170,18,17
5171,5,5
5172,6,6
5173,13,8
5174,3,3
5175,4,4
5176,4,4
5177,7,7
5178,4,4
5179,5,4
5180,4,4
5181,3,3
5182,9,8
5183,8,8
5184,4,4
5185,5,4
5186,3,3
5187,7,6
5188,4,4
5189,4,4
5190,4,4
5191,4,4
5192,14,13
5193,7,7
5194,5,3
5195,4,4
5196,2,2
5197,5,5
5198,6,4
5199,7,6
5200,6,6
5201,4,4
5202,9,7
5203,3,3
5204,17,13
5205,0,0
5206,0,0
5207,0,0
5208,0,0
5209,3,3
5210,4,4
5211,7,6
5212,5,5
5213,7,7
5214,5,4
5215,3,3
5216,12,12
5217,6,6
5218,2,2
5219,5,5
5220,4,2
5221,9,7
5222,4,4
5223,5,4
5224,5,3
5225,13,13
5226,8,8
5227,6,6
5228,4,4
5229,1,1
5230,8,8
5231,6,3
5232,4,3
5233,10,10
5234,0,0
5235,6,5
5236,3,3
5237,6,5
5238,10,7
5239,6,6
5240,2,2
5241,14,14
5242,4,4
5243,5,5
5244,23,22
5245,5,4
5246,2,2
5247,10,9
5248,8,8
5249,2,2
5250,4,4
5251,7,7
5252,5,1
5253,5,5
5254,2,2
5255,6,6
5256,2,2
5257,4,4
5258,12,12
5259,6,6
5260,2,2
5261,3,3
5262,4,4
5263,5,5
5264,3,3
5265,2,2
5266,2,2
5267,9,9
5268,5,5
5269,2,2
5270,8,8
5271,10,10
5272,4,4
5273,6,5
5274,0,0
5275,3,3
5276,2,2
5277,5,4
5278,4,4
5279,4,4
5280,6,6
5281,2,2
5282,4,2
5283,14,9
5284,2,2
5285,9,8
5286,8,3
5287,7,6
5288,4,4
5289,12,12
5290,7,7
5291,8,8
5292,3,3
5293,4,4
5294,13,12
5295,10,10
5296,16,16
5297,7,7
5298,5,5
5299,4,4
5300,7,7
5301,6,6
5302,5,5
5303,8,8
5304,7,7
5305,4,4
5306,10,10
5307,2,2
5308,2,2
5309,7,7
5310,5,5
5311,6,6
5312,5,3
5313,4,4
5314,10,10
5315,2,2
5316,6,6
5317,2,2
5318,3,3
5319,0,0
5320,4,4
5321,2,2
5322,8,7
5323,9,9
5324,4,4
5325,6,6
5326,9,9
5327,4,3
5328,4,2
5329,6,6
5330,9,9
5331,6,6
5332,14,13
5333,7,7
5334,3,3
5335,7,7
5336,5,2
5337,10,9
5338,4,3
5339,4,4
5340,7,6
5341,6,6
5342,5,5
5343,6,6
5344,2,2
5345,6,2
5346,7,7
5347,4,4
5348,5,5
5349,0,0
5350,9,9
5351,3,3
5352,1,1
5353,3,3
5354,6,6
5355,4,3
5356,13,13
5357,6,6
5358,8,7
5359,2,2
5360,4,4
5361,4,4
5362,6,5
5363,8,8
5364,12,11
5365,11,11
5366,4,4
5367,3,3
5368,3,3
5369,1,1
5370,2,2
5371,3,3
5372,4,4
5373,4,4
5374,3,3
5375,8,8
5376,12,12
5377,6,6
5378,7,6
5379,7,6
5380,4,4
5381,4,4
5382,8,8
5383,9,9
5384,5,5
5385,10,10
5386,5,5
5387,1,1
5388,8,8
5389,5,3
5390,5,4
5391,3,3
5392,1,1
5393,3,2
5394,5,5
5395,7,7
5396,2,2
5397,4,4
5398,5,4
5399,10,10
5400,10,10
5401,6,6
5402,4,1
5403,4,3
5404,8,8
5405,4,4
5406,4,4
5407,0,0
5408,4,4
5409,5,5
5410,5,5
5411,8,8
5412,7,7
5413,5,5
5414,3,3
5415,1,1
5416,7,6
5417,8,5
5418,8,8
5419,5,5
5420,15,15
5421,6,6
5422,4,4
5423,12,12
5424,8,8
5425,7,6
5426,3,1
5427,2,2
5428,4,4
5429,5,5
5430,5,5
5431,2,2
5432,7,6
5433,3,3
5434,2,2
5435,5,3
5436,6,3
5437,10,10
5438,1,1
5439,14,13
5440,2,2
5441,5,5
5442,2,2
5443,9,8
5444,8,7
5445,10,8
5446,3,3
5447,2,2
5448,4,4
5449,2,2
5450,4,4
5451,4,3
5452,8,8
5453,22,21
5454,2,2
5455,5,5
5456,8,5
5457,4,4
5458,1,1
5459,12,11
5460,10,10
5461,6,4
5462,7,7
5463,2,2
5464,2,2
5465,8,8
5466,6,6
5467,3,3
5468,1,1
5469,6,5
5470,3,2
5471,4,4
5472,2,2
5473,3,2
5474,16,14
5475,4,4
5476,6,6
5477,11,8
5478,10,10
5479,7,7
5480,15,14
5481,5,4
5482,5,5
5483,5,5
5484,6,1
5485,10,8
5486,10,10
5487,4,4
5488,9,9
5489,6,6
5490,4,3
5491,2,2
5492,4,4
5493,2,2
5494,5,5
5495,6,5
5496,7,6
5497,4,4
5498,18,6
5499,3,3
5500,11,10
5501,8,7
5502,4,2
5503,8,8
5504,8,6
5505,9,9
5506,3,3
5507,5,5
5508,6,5
5509,3,3
5510,5,5
5511,3,2
5512,7,6
5513,2,2
5514,8,7
5515,7,4
5516,3,3
5517,7,4
5518,6,6
5519,4,2
5520,6,6
5521,4,4
5522,3,3
5523,7,5
5524,7,5
5525,2,2
5526,4,4
5527,3,3
5528,7,7
5529,7,6
5530,2,2
5531,8,8
5532,10,10
5533,6,6
5534,5,5
5535,9,6
5536,7,5
5537,8,4
5538,4,4
5539,4,4
5540,7,5
5541,9,7
5542,4,4
5543,6,6
5544,6,6
5545,4,3
5546,1,1
5547,6,6
5548,6,6
5549,5,4
5550,5,3
5551,2,2
5552,2,2
5553,5,5
5554,3,2
5555,4,4
5556,4,1
5557,1,1
5558,8,8
5559,7,6
5560,4,4
5561,15,14
5562,6,1
5563,10,9
5564,8,3
5565,4,4
5566,4,2
5567,4,4
5568,4,2
5569,2,2
5570,0,0
5571,9,6
5572,2,2
5573,6,6
5574,5,3
5575,8,8
5576,6,6
5577,5,5
5578,6,6
5579,11,10
5580,5,5
5581,6,6
5582,6,5
5583,5,4
5584,4,3
5585,4,4
5586,10,9
5587,3,3
5588,11,11
5589,7,7
5590,6,6
5591,4,4
5592,3,2
5593,3,2
5594,2,2
5595,7,7
5596,8,5
5597,10,10
5598,4,4
5599,2,2
5600,4,4
5601,7,7
5602,9,9
5603,16,16
5604,4,4
5605,3,3
5606,5,5
5607,5,5
5608,14,14
5609,6,6
5610,1,1
5611,5,5
5612,5,4
5613,9,9
5614,4,3
5615,0,0
5616,4,4
5617,6,4
5618,7,7
5619,5,4
5620,4,4
5621,2,2
5622,2,2
5623,8,7
5624,6,6
5625,3,2
5626,2,0
5627,8,8
5628,8,8
5629,5,5
5630,4,4
5631,10,8
5632,3,3
5633,8,7
5634,6,6
5635,6,6
5636,4,4
5637,4,4
5638,2,1
5639,14,14
5640,5,4
5641,4,4
5642,5,5
5643,20,19
5644,4,4
5645,8,7
5646,2,2
5647,4,4
5648,3,3
5649,8,8
5650,6,5
5651,4,4
5652,3,3
5653,2,2
5654,4,4
5655,6,6
5656,8,8
5657,6,6
5658,6,6
5659,7,6
5660,2,2
5661,6,6
5662,2,2
5663,6,5
5664,8,8
5665,8,8
5666,2,2
5667,4,4
5668,8,8
5669,0,0
5670,6,5
5671,6,6
5672,3,1
5673,5,4
5674,6,6
5675,4,4
5676,7,7
5677,0,0
5678,6,5
5679,4,3
5680,6,5
5681,7,5
5682,4,4
5683,8,5
5684,4,4
5685,10,9
5686,5,5
5687,3,3
5688,10,10
5689,5,4
5690,4,4
5691,9,9
5692,4,3
5693,2,2
5694,7,6
5695,9,8
5696,11,4
5697,8,8
5698,8,8
5699,7,7
5700,11,11
5701,10,8
5702,3,3
5703,8,8
5704,16,16
5705,7,6
5706,2,2
5707,7,7
5708,16,16
5709,5,5
5710,3,2
5711,10,6
5712,0,0
5713,4,3
5714,9,8
5715,6,6
5716,2,2
5717,6,6
5718,4,4
5719,4,4
5720,6,6
5721,1,1
5722,6,5
5723,3,3
5724,4,3
5725,8,8
5726,20,19
5727,7,2
5728,18,17
5729,6,6
5730,2,1
5731,8,8
5732,5,5
5733,2,2
5734,8,8
5735,5,4
5736,8,7
5737,6,6
5738,0,0
5739,0,0
5740,4,4
5741,10,10
5742,1,1
5743,5,5
5744,2,2
5745,7,7
5746,4,4
5747,2,2
5748,8,6
5749,4,4
5750,6,6
5751,10,9
5752,3,3
5753,4,4
5754,4,4
5755,5,4
5756,4,4
5757,8,8
5758,4,4
5759,1,1
5760,6,5
5761,4,4
5762,4,4
5763,1,1
5764,3,3
5765,2,2
5766,8,8
5767,8,7
5768,10,3
5769,3,3
5770,4,4
5771,12,12
5772,5,4
5773,16,15
5774,3,3
5775,3,3
5776,4,4
5777,0,0
5778,4,4
5779,4,4
5780,5,5
5781,6,6
5782,5,5
5783,2,2
5784,4,4
5785,3,3
5786,4,4
5787,3,3
5788,4,4
5789,3,3
5790,5,5
5791,6,6
5792,8,8
5793,3,3
5794,2,2
5795,5,4
5796,3,2
5797,3,3
5798,5,5
5799,10,9
5800,5,5
5801,7,7
5802,8,7
5803,0,0
5804,12,12
5805,2,2
5806,8,7
5807,8,8
5808,8,7
5809,9,9
5810,3,2
5811,2,2
5812,6,5
5813,5,5
5814,34,34
5815,8,8
5816,8,7
5817,6,6
5818,6,5
5819,8,8
5820,5,5
5821,12,11
5822,3,3
5823,12,11
5824,3,3
5825,12,11
5826,3,3
5827,3,3
5828,4,3
5829,7,7
5830,10,10
5831,6,5
5832,4,3
5833,5,3
5834,4,4
5835,6,5
5836,5,5
5837,3,3
5838,6,5
5839,0,0
5840,6,6
5841,5,5
5842,7,5
5843,8,7
5844,8,8
5845,9,6
5846,4,4
5847,8,7
5848,6,5
5849,6,6
5850,9,9
5851,5,4
5852,5,5
5853,3,3
5854,14,14
5855,2,2
5856,7,7
5857,4,3
5858,1,1
5859,6,6
5860,4,4
5861,3,2
5862,6,4
5863,6,6
5864,5,5
5865,8,8
5866,4,3
5867,5,5
5868,11,10
5869,4,3
5870,4,3
5871,1,1
5872,4,4
5873,3,3
5874,2,1
5875,5,4
5876,1,1
5877,8,8
5878,6,6
5879,2,2
5880,26,26
5881,9,8
5882,1,1
5883,8,8
5884,6,6
5885,4,3
5886,8,5
5887,4,2
5888,6,3
5889,12,11
5890,4,4
5891,2,1
5892,8,8
5893,5,4
5894,7,6
5895,2,2
5896,2,2
5897,8,7
5898,7,7
5899,11,11
5900,4,4
5901,7,7
5902,9,8
5903,0,0
5904,4,1
5905,1,1
5906,2,1
5907,6,5
5908,9,9
5909,2,2
5910,2,2
5911,5,5
5912,4,2
5913,4,3
5914,6,6
5915,5,5
5916,3,2
5917,3,3
5918,5,5
5919,7,7
5920,2,2
5921,10,9
5922,4,3
5923,4,3
5924,6,6
5925,0,0
5926,2,2
5927,2,2
5928,3,3
5929,5,0
5930,2,2
5931,4,4
5932,4,3
5933,6,6
5934,7,7
5935,4,3
5936,2,2
5937,7,6
5938,7,6
5939,7,7
5940,2,2
5941,9,9
5942,4,4
5943,0,0
5944,4,4
5945,5,5
5946,7,7
5947,4,4
5948,6,2
5949,4,4
5950,6,6
5951,7,7
5952,6,6
5953,4,4
5954,5,5
5955,10,10
5956,9,9
5957,2,2
5958,6,6
5959,17,17
5960,12,11
5961,8,8
5962,6,6
5963,3,3
5964,14,8
5965,6,3
5966,2,2
5967,2,2
5968,3,2
5969,2,0
5970,5,4
5971,4,4
5972,5,5
5973,11,9
5974,4,4
5975,10,10
5976,9,9
5977,3,3
5978,6,3
5979,7,6
5980,6,6
5981,4,3
5982,6,5
5983,5,5
5984,4,4
5985,4,4
5986,4,4
5987,5,5
5988,3,3
5989,5,5
5990,7,6
5991,2,2
5992,2,1
5993,3,3
5994,9,9
5995,8,7
5996,6,5
5997,0,0
5998,8,8
5999,3,2
6000,2,2
6001,5,5
6002,6,6
6003,6,5
6004,5,5
6005,4,4
6006,4,4
6007,7,6
6008,4,4
6009,1,1
6010,5,5
6011,3,3
6012,6,6
6013,2,2
6014,10,9
6015,2,2
6016,6,6
6017,3,3
6018,4,4
6019,19,18
6020,9,3
6021,8,8
6022,4,4
6023,5,5
6024,8,8
6025,6,6
6026,8,8
6027,6,6
6028,6,6
6029,8,8
6030,4,4
6031,13,13
6032,5,3
6033,6,6
6034,8,8
6035,6,6
6036,6,3
6037,5,5
6038,4,4
6039,4,4
6040,6,6
6041,4,4
6042,7,4
6043,5,5
6044,7,7
6045,5,5
6046,5,2
6047,2,2
6048,7,7
6049,4,4
6050,8,7
6051,6,6
6052,5,5
6053,5,4
6054,8,8
6055,4,3
6056,5,2
6057,6,4
6058,12,12
6059,6,6
6060,6,6
6061,9,8
6062,3,3
6063,6,5
6064,8,5
6065,5,5
6066,7,6
6067,9,9
6068,3,3
6069,9,9
6070,8,8
6071,6,1
6072,9,8
6073,4,3
6074,2,2
6075,3,2
6076,2,2
6077,4,1
6078,5,5
6079,10,9
6080,3,3
6081,8,7
6082,5,5
6083,9,9
6084,3,2
6085,8,6
6086,12,11
6087,8,7
6088,11,10
6089,10,10
6090,7,5
6091,7,5
6092,6,6
6093,21,18
6094,1,1
6095,10,8
6096,5,5
6097,6,6
6098,10,10
6099,4,3
6100,3,3
6101,4,4
6102,9,9
6103,7,6
6104,3,3
6105,2,2
6106,6,5
6107,6,5
6108,0,0
6109,3,3
6110,4,4
6111,8,8
6112,0,0
6113,1,1
6114,8,8
6115,3,3
6116,8,8
6117,8,8
6118,5,5
6119,10,9
6120,7,7
6121,9,9
6122,7,6
6123,3,3
6124,19,18
6125,6,6
6126,2,2
6127,2,2
6128,10,10
6129,11,10
6130,4,4
6131,4,3
6132,5,3
6133,7,6
6134,8,8
6135,5,3
6136,2,1
6137,2,1
6138,8,8
6139,10,8
6140,15,14
6141,7,6
6142,11,10
6143,7,7
6144,28,27
6145,4,4
6146,6,5
6147,9,7
6148,7,4
6149,7,7
6150,16,14
6151,14,13
6152,6,4
6153,3,3
6154,9,9
6155,2,2
6156,5,5
6157,6,4
6158,6,6
6159,0,0
6160,8,8
6161,6,5
6162,12,11
6163,4,3
6164,5,5
6165,7,7
6166,7,7
6167,6,6
6168,5,4
6169,14,14
6170,5,5
6171,5,5
6172,17,17
6173,8,8
6174,4,4
6175,7,5
6176,9,9
6177,12,11
6178,6,5
6179,2,2
6180,2,2
6181,6,2
6182,4,3
6183,4,4
6184,4,2
6185,4,4
6186,2,1
6187,3,3
6188,2,2
6189,8,8
6190,9,8
6191,6,5
6192,5,5
6193,8,6
6194,2,2
6195,5,5
6196,10,10
6197,8,8
6198,8,7
6199,10,3
6200,4,4
6201,5,5
6202,6,6
6203,6,3
6204,3,3
6205,4,4
6206,6,6
6207,4,4
6208,7,7
6209,1,1
6210,14,13
6211,1,1
6212,5,5
6213,5,4
6214,2,2
6215,2,2
6216,0,0
6217,10,10
6218,1,1
6219,1,1
6220,3,3
6221,10,9
6222,3,2
6223,6,5
6224,4,4
6225,4,4
6226,5,4
6227,8,7
6228,6,6
6229,9,9
6230,6,6
6231,4,4
6232,3,3
6233,7,7
6234,4,4
6235,4,4
6236,9,8
6237,2,2
6238,5,4
6239,4,4
6240,5,5
6241,0,0
6242,4,3
6243,7,7
6244,6,6
6245,3,1
6246,1,1
6247,10,8
6248,6,6
6249,12,11
6250,12,12
6251,4,4
6252,4,4
6253,10,9
6254,6,6
6255,8,8
6256,2,1
6257,10,8
6258,4,4
6259,7,7
6260,19,18
6261,17,17
6262,5,5
6263,4,4
6264,4,4
6265,4,3
6266,4,2
6267,10,7
6268,2,2
6269,2,1
6270,6,6
6271,12,12
6272,7,7
6273,7,7
6274,1,1
6275,4,3
6276,9,9
6277,9,9
6278,2,2
6279,6,5
6280,6,4
6281,5,4
6282,1,1
6283,4,4
6284,6,5
6285,8,7
6286,7,5
6287,6,5
6288,5,5
6289,4,4
6290,11,10
6291,3,3
6292,4,4
6293,3,3
6294,5,3
6295,6,6
6296,4,3
6297,8,7
6298,7,7
6299,5,5
6300,2,2
6301,8,4
6302,2,2
6303,4,4
6304,4,3
6305,6,6
6306,9,9
6307,7,7
6308,7,5
6309,2,2
6310,3,3
6311,4,4
6312,6,6
6313,7,5
6314,6,5
6315,6,4
6316,5,5
6317,7,7
6318,2,2
6319,7,6
6320,4,4
6321,6,5
6322,5,5
6323,6,6
6324,15,13
6325,4,4
6326,4,2
6327,2,2
6328,7,6
6329,6,5
6330,2,2
6331,9,9
6332,18,17
6333,3,3
6334,8,8
6335,10,10
6336,5,4
6337,4,4
6338,6,4
6339,4,4
6340,5,4
6341,5,5
6342,2,2
6343,5,4
6344,7,7
6345,4,4
6346,9,9
6347,9,9
6348,4,4
6349,6,6
6350,4,3
6351,8,6
6352,6,6
6353,4,4
6354,4,3
6355,9,9
6356,3,3
6357,8,8
6358,6,6
6359,11,10
6360,10,10
6361,5,5
6362,10,10
6363,8,8
6364,2,2
6365,10,9
6366,3,2
6367,6,6
6368,7,5
6369,2,2
6370,0,0
6371,2,2
6372,2,2
6373,4,4
6374,6,4
6375,3,3
6376,6,6
6377,7,6
6378,4,4
6379,5,5
6380,6,4
6381,2,2
6382,3,2
6383,10,10
6384,4,4
6385,8,4
6386,4,4
6387,6,6
6388,20,20
6389,1,1
6390,11,11
6391,7,6
6392,2,1
6393,4,4
6394,1,1
6395,4,4
6396,14,14
6397,10,8
6398,2,2
6399,6,6
6400,4,3
6401,3,3
6402,5,5
6403,3,3
6404,9,6
6405,7,6
6406,18,17
6407,3,2
6408,2,1
6409,9,9
6410,4,4
6411,1,1
6412,13,13
6413,8,8
6414,4,4
6415,6,4
6416,8,4
6417,10,10
6418,5,5
6419,10,10
6420,5,5
6421,4,4
6422,4,4
6423,8,8
6424,4,4
6425,5,5
6426,24,24
6427,5,5
6428,10,10
6429,5,4
6430,4,4
6431,4,1
6432,12,12
6433,6,6
6434,4,4
6435,13,12
6436,14,14
6437,4,4
6438,2,2
6439,7,7
6440,2,2
6441,7,7
6442,5,5
6443,1,0
6444,7,5
6445,6,6
6446,2,2
6447,2,2
6448,4,4
6449,6,6
6450,6,5
6451,5,5
6452,8,8
6453,8,7
6454,6,6
6455,7,7
6456,7,7
6457,13,13
6458,5,5
6459,10,9
6460,18,18
6461,5,5
6462,6,6
6463,6,6
6464,7,5
6465,5,4
6466,4,4
6467,2,2
6468,9,7
6469,1,1
6470,3,3
6471,0,0
6472,4,4
6473,4,4
6474,9,9
6475,1,1
6476,3,2
6477,7,6
6478,8,8
6479,8,8
6480,4,4
6481,6,6
6482,3,3
6483,7,7
6484,36,35
6485,6,3
6486,7,7
6487,1,1
6488,6,5
6489,0,0
6490,4,4
6491,5,5
6492,4,4
6493,4,4
6494,9,6
6495,2,2
6496,6,6
6497,5,3
6498,1,1
6499,4,4
6500,10,10
6501,7,5
6502,5,4
6503,7,5
6504,2,2
6505,3,3
6506,5,5
6507,3,3
6508,5,5
6509,8,7
6510,4,4
6511,7,7
6512,6,6
6513,14,14
6514,5,4
6515,3,3
6516,3,3
6517,7,7
6518,5,5
6519,4,4
6520,9,9
6521,6,6
6522,6,6
6523,6,6
6524,2,2
6525,5,5
6526,7,7
6527,4,4
6528,6,6
6529,10,9
6530,5,5
6531,3,2
6532,4,4
6533,4,4
6534,3,3
6535,5,5
6536,5,5
6537,12,10
6538,13,13
6539,5,5
6540,5,4
6541,2,2
6542,6,6
6543,3,3
6544,5,5
6545,9,9
6546,4,4
6547,4,4
6548,4,4
6549,6,6
6550,4,4
6551,3,3
6552,7,7
6553,4,4
6554,6,5
6555,2,2
6556,3,3
6557,2,2
6558,8,8
6559,5,5
6560,1,1
6561,8,8
6562,6,6
6563,5,5
6564,11,8
6565,6,4
6566,4,4
6567,4,4
6568,4,3
6569,16,15
6570,4,4
6571,4,4
6572,7,7
6573,9,8
6574,12,5
6575,4,3
6576,1,1
6577,4,4
6578,4,4
6579,0,0
6580,7,7
6581,10,9
6582,5,5
6583,5,5
6584,0,0
6585,8,8
6586,2,2
6587,5,5
6588,3,3
6589,3,2
6590,5,3
6591,5,5
6592,0,0
6593,6,6
6594,1,1
6595,8,8
6596,12,12
6597,6,2
6598,6,6
6599,5,5
6600,3,3
6601,2,2
6602,10,9
6603,2,2
6604,9,6
6605,0,0
6606,5,4
6607,11,10
6608,4,4
6609,4,2
6610,4,3
6611,2,2
6612,2,2
6613,3,3
6614,3,3
6615,3,3
6616,8,7
6617,4,4
6618,4,4
6619,9,6
6620,3,3
6621,5,4
6622,5,4
6623,6,6
6624,5,3
6625,2,2
6626,9,2
6627,4,4
6628,8,8
6629,9,8
6630,8,4
6631,1,1
6632,14,14
6633,5,4
6634,4,4
6635,6,6
6636,3,3
6637,12,12
6638,4,4
6639,5,5
6640,7,7
6641,10,9
6642,7,6
6643,10,7
6644,4,4
6645,3,2
6646,5,5
6647,3,3
6648,6,6
6649,3,2
6650,11,11
6651,2,2
6652,5,5
6653,8,8
6654,5,5
6655,6,6
6656,11,11
6657,4,4
6658,5,5
6659,5,5
6660,10,10
6661,2,2
6662,8,7
6663,3,1
6664,9,9
6665,9,8
6666,8,6
6667,10,7
6668,7,6
6669,7,7
6670,3,2
6671,6,3
6672,6,6
6673,4,4
6674,8,8
6675,8,7
6676,8,8
6677,9,8
6678,6,6
6679,2,2
6680,3,0
6681,6,6
6682,4,4
6683,12,6
6684,4,4
6685,10,10
6686,6,6
6687,4,3
6688,12,12
6689,6,5
6690,14,14
6691,5,4
6692,9,2
6693,6,6
6694,7,5
6695,5,4
6696,2,2
6697,18,17
6698,11,11
6699,10,8
6700,18,18
6701,6,6
6702,14,14
6703,5,5
6704,4,4
6705,5,5
6706,1,1
6707,8,8
6708,6,6
6709,0,0
6710,0,0
6711,0,0
6712,1,1
6713,3,2
6714,2,2
6715,9,8
6716,4,3
6717,4,4
6718,9,7
6719,7,7
6720,9,8
6721,8,7
6722,9,9
6723,4,4
6724,10,10
6725,2,2
6726,17,16
6727,5,3
6728,1,1
6729,2,2
6730,4,4
6731,3,3
6732,6,6
6733,5,5
6734,1,1
6735,9,9
6736,8,8
6737,8,8
6738,5,5
6739,9,9
6740,9,7
6741,2,2
6742,6,4
6743,4,4
6744,4,1
6745,5,4
6746,6,6
6747,4,4
6748,5,5
6749,0,0
6750,7,7
6751,4,2
6752,9,9
6753,7,7
6754,8,8
6755,3,3
6756,10,10
6757,10,8
6758,14,13
6759,4,4
6760,6,4
6761,3,3
6762,6,5
6763,6,6
6764,16,16
6765,4,4
6766,8,7
6767,6,6
6768,12,12
6769,4,4
6770,5,5
6771,4,4
6772,5,5
6773,4,2
6774,2,2
6775,4,4
6776,3,3
6777,4,4
6778,5,5
6779,9,4
6780,5,5
6781,4,4
6782,6,6
6783,4,4
6784,2,2
6785,8,8
6786,5,5
6787,10,10
6788,4,4
6789,3,3
6790,5,5
6791,2,2
6792,3,3
6793,8,8
6794,5,4
6795,3,3
6796,7,7
6797,3,2
6798,2,2
6799,8,7
6800,12,6
6801,6,6
6802,0,0
6803,3,3
6804,5,5
6805,5,5
6806,12,11
6807,7,7
6808,3,2
6809,8,6
6810,4,2
6811,12,12
6812,5,5
6813,0,0
6814,0,0
6815,8,8
6816,12,12
6817,7,6
6818,3,3
6819,4,3
6820,8,7
6821,4,3
6822,7,7
6823,3,3
6824,7,6
6825,4,4
6826,6,5
6827,8,8
6828,7,7
6829,4,4
6830,4,4
6831,10,10
6832,5,5
6833,12,11
6834,6,6
6835,7,5
6836,8,5
6837,12,12
6838,3,3
6839,5,5
6840,3,3
6841,0,0
6842,4,4
6843,5,5
6844,6,5
6845,5,5
6846,7,7
6847,6,5
6848,28,27
6849,6,6
6850,4,4
6851,3,3
6852,10,10
6853,4,4
6854,6,6
6855,7,7
6856,6,6
6857,8,8
6858,0,0
6859,3,3
6860,6,6
6861,9,8
6862,8,7
6863,1,1
6864,4,4
6865,6,6
6866,9,9
6867,11,11
6868,9,9
6869,19,16
6870,3,2
6871,6,5
6872,14,13
6873,11,11
6874,6,6
6875,4,4
6876,10,6
6877,3,3
6878,6,6
6879,8,8
6880,2,2
6881,4,4
6882,8,8
6883,2,2
6884,8,8
6885,4,4
6886,6,6
6887,5,5
6888,4,3
6889,7,7
6890,4,4
6891,3,3
6892,0,0
6893,8,7
6894,10,9
6895,5,5
6896,6,5
6897,7,6
6898,7,7
6899,5,5
6900,5,5
6901,5,5
6902,11,10
6903,6,6
6904,5,5
6905,4,2
6906,7,7
6907,6,6
6908,3,3
6909,7,6
6910,9,9
6911,11,10
6912,2,2
6913,4,4
6914,1,1
6915,12,12
6916,4,4
6917,6,6
6918,5,5
6919,4,4
6920,2,2
6921,3,3
6922,6,3
6923,4,4
6924,11,11
6925,3,3
6926,5,5
6927,9,8
6928,4,4
6929,14,13
6930,3,3
6931,1,1
6932,3,3
6933,5,5
6934,4,4
6935,3,3
6936,7,7
6937,7,7
6938,5,5
6939,5,5
6940,5,5
6941,3,3
6942,5,5
6943,13,13
6944,2,2
6945,5,4
6946,4,4
6947,8,8
6948,7,7
6949,7,6
6950,3,3
6951,3,3
6952,6,6
6953,9,8
6954,8,7
6955,6,5
6956,7,6
6957,5,5
6958,2,2
6959,5,5
6960,4,4
6961,16,16
6962,4,4
6963,11,11
6964,8,7
6965,4,4
6966,1,1
6967,5,5
6968,10,10
6969,7,7
6970,4,3
6971,8,8
6972,3,3
6973,8,8
6974,3,3
6975,3,3
6976,0,0
6977,5,5
6978,0,0
6979,8,7
6980,3,3
6981,5,5
6982,3,3
6983,4,4
6984,5,4
6985,2,2
6986,6,6
6987,10,10
6988,28,28
6989,5,5
6990,5,5
6991,5,3
6992,5,5
6993,8,8
6994,5,2
6995,10,9
6996,3,3
6997,10,9
6998,11,11
6999,1,1
7000,11,11
7001,1,1
7002,6,6
7003,4,3
7004,0,0
7005,0,0
7006,6,5
7007,8,7
7008,5,4
7009,7,7
7010,4,4
7011,5,5
7012,1,1
7013,3,3
7014,2,2
7015,6,5
7016,5,5
7017,6,4
7018,0,0
7019,11,11
7020,0,0
7021,6,6
7022,3,3
7023,3,3
7024,8,8
7025,11,11
7026,4,4
7027,6,1
7028,5,5
7029,4,4
7030,6,6
7031,5,5
7032,6,6
7033,12,12
7034,5,5
7035,3,3
7036,4,4
7037,8,8
7038,5,5
7039,5,5
7040,3,3
7041,6,4
7042,3,3
7043,5,5
7044,4,4
7045,3,3
7046,8,7
7047,8,7
7048,4,3
7049,2,2
7050,6,6
7051,1,1
7052,14,10
7053,4,4
7054,2,2
7055,6,5
7056,1,1
7057,13,13
7058,7,7
7059,5,5
7060,24,24
7061,2,2
7062,8,6
7063,5,5
7064,4,3
7065,8,6
7066,2,2
7067,3,3
7068,5,5
7069,11,11
7070,3,3
7071,3,3
7072,7,7
7073,0,0
7074,5,5
7075,6,6
7076,4,4
7077,11,11
7078,5,4
7079,1,1
7080,3,3
7081,7,7
7082,6,6
7083,4,1
7084,6,6
7085,3,2
7086,4,4
7087,5,5
7088,3,3
7089,1,1
7090,4,4
7091,7,7
7092,0,0
7093,5,5
7094,6,6
7095,2,2
7096,4,3
7097,6,5
7098,4,4
7099,4,4
7100,7,7
7101,14,14
7102,4,3
7103,10,8
7104,10,8
7105,9,8
7106,5,4
7107,7,7
7108,4,4
7109,4,4
7110,4,4
7111,2,2
7112,5,5
7113,10,10
7114,1,1
7115,2,2
7116,2,2
7117,14,14
7118,5,5
7119,4,4
7120,10,10
7121,10,9
7122,7,6
7123,7,5
7124,2,2
7125,10,10
7126,6,5
7127,2,2
7128,5,5
7129,9,8
7130,5,5
7131,5,4
7132,4,4
7133,4,4
7134,9,9
7135,5,5
7136,5,5
7137,0,0
7138,8,6
7139,5,5
7140,9,9
7141,2,2
7142,5,5
7143,5,3
7144,6,6
7145,4,4
7146,2,2
7147,6,5
7148,4,4
7149,10,10
7150,4,4
7151,4,3
7152,6,6
7153,4,4
7154,8,3
7155,4,4
7156,2,2
7157,5,5
7158,8,8
7159,9,9
7160,4,4
7161,4,2
7162,4,4
7163,5,5
7164,3,3
7165,6,6
7166,12,12
7167,11,11
7168,5,4
7169,16,16
7170,4,1
7171,4,1
7172,5,4
7173,6,5
7174,3,3
7175,2,2
7176,2,1
7177,5,5
7178,8,7
7179,4,4
7180,5,5
7181,9,9
7182,5,5
7183,6,6
7184,40,40
7185,5,5
7186,3,3
7187,4,4
7188,10,10
7189,4,4
7190,4,4
7191,4,3
7192,4,4
7193,3,3
7194,1,1
7195,5,5
7196,2,2
7197,2,2
7198,5,5
7199,7,7
7200,8,7
7201,8,7
7202,5,5
7203,5,3
7204,5,4
7205,5,5
7206,4,4
7207,2,2
7208,8,8
7209,4,4
7210,6,6
7211,4,1
7212,2,2
7213,7,7
7214,5,1
7215,4,4
7216,3,3
7217,6,6
7218,8,8
7219,5,5
7220,1,1
7221,6,6
7222,8,3
7223,6,5
7224,6,6
7225,2,2
7226,4,4
7227,5,5
7228,3,3
7229,6,6
7230,0,0
7231,3,3
7232,3,3
7233,16,16
7234,8,8
7235,8,8
7236,10,9
7237,8,7
7238,11,8
7239,5,3
7240,4,4
7241,10,9
7242,8,8
7243,15,14
7244,4,4
7245,6,6
7246,6,6
7247,0,0
7248,1,1
7249,7,6
7250,7,7
7251,5,5
7252,4,4
7253,7,7
7254,5,5
7255,6,5
7256,2,1
7257,5,5
7258,12,11
7259,4,3
7260,5,5
7261,4,4
7262,5,4
7263,2,2
7264,6,6
7265,10,9
7266,1,1
7267,4,3
7268,7,7
7269,6,3
7270,10,9
7271,5,5
7272,6,6
7273,7,6
7274,3,3
7275,5,5
7276,4,4
7277,2,2
7278,3,3
7279,9,9
7280,1,1
7281,5,5
7282,4,4
7283,6,5
7284,3,3
7285,3,2
7286,5,5
7287,4,4
7288,5,5
7289,6,6
7290,8,8
7291,6,5
7292,2,2
7293,4,4
7294,3,3
7295,3,3
7296,4,4
7297,5,3
7298,14,12
7299,11,10
7300,10,10
7301,2,2
7302,5,5
7303,5,4
7304,6,6
7305,4,3
7306,3,2
7307,2,2
7308,3,3
7309,10,10
7310,5,5
7311,6,5
7312,10,10
7313,7,6
7314,5,3
7315,2,2
7316,7,7
7317,4,4
7318,7,6
7319,4,4
7320,10,9
7321,16,15
7322,1,1
7323,3,2
7324,7,6
7325,5,5
7326,5,3
7327,2,2
7328,8,8
7329,3,3
7330,6,1
7331,9,9
7332,10,10
7333,5,5
7334,9,5
7335,6,6
7336,4,4
7337,8,8
7338,0,0
7339,9,9
7340,5,5
7341,2,2
7342,10,9
7343,5,5
7344,10,9
7345,12,11
7346,2,2
7347,5,5
7348,10,10
7349,4,4
7350,10,8
7351,6,5
7352,6,6
7353,5,5
7354,4,4
7355,5,5
7356,5,5
7357,9,9
7358,7,7
7359,3,2
7360,6,5
7361,5,5
7362,9,9
7363,8,8
7364,8,8
7365,9,9
7366,0,0
7367,10,9
7368,4,4
7369,12,12
7370,12,10
7371,6,3
7372,22,21
7373,7,6
7374,15,14
7375,7,7
7376,5,5
7377,3,3
7378,5,5
7379,3,2
7380,6,4
7381,3,3
7382,12,12
7383,12,10
7384,4,4
7385,8,8
7386,12,11
7387,8,8
7388,7,7
7389,6,6
7390,8,7
7391,3,3
7392,4,4
7393,4,3
7394,7,4
7395,6,6
7396,3,3
7397,5,4
7398,7,7
7399,5,4
7400,6,6
7401,2,2
7402,6,6
7403,3,3
7404,8,8
7405,8,5
7406,8,8
7407,9,8
7408,4,4
7409,2,2
7410,6,6
7411,1,1
7412,3,3
7413,26,26
7414,7,7
7415,10,10
7416,4,4
7417,5,5
7418,4,3
7419,12,12
7420,3,2
7421,5,5
7422,8,7
7423,6,6
7424,8,8
7425,9,9
7426,12,12
7427,0,0
7428,7,6
7429,1,1
7430,3,3
7431,5,3
7432,8,8
7433,5,5
7434,6,6
7435,0,0
7436,6,5
7437,2,2
7438,6,3
7439,6,6
7440,2,2
7441,5,5
7442,8,7
7443,8,7
7444,2,2
7445,4,4
7446,6,4
7447,69,69
7448,4,3
7449,7,7
7450,4,4
7451,10,10
7452,2,2
7453,8,8
7454,6,6
7455,10,10
7456,0,0
7457,8,8
7458,5,5
7459,5,3
7460,4,4
7461,4,4
7462,0,0
7463,3,3
7464,9,9
7465,7,6
7466,6,5
7467,3,2
7468,1,1
7469,7,7
7470,5,3
7471,10,9
7472,5,4
7473,4,4
7474,5,5
7475,6,5
7476,6,6
7477,3,3
7478,1,1
7479,3,3
7480,6,6
7481,6,6
7482,3,2
7483,9,9
7484,7,7
7485,3,3
7486,5,5
7487,2,2
7488,14,14
7489,3,3
7490,4,4
7491,4,4
7492,14,14
7493,6,6
7494,8,4
7495,6,6
7496,6,6
7497,5,3
7498,0,0
7499,5,5
7500,4,4
7501,5,5
7502,6,6
7503,4,4
7504,11,10
7505,4,3
7506,6,3
7507,7,6
7508,9,9
7509,5,5
7510,5,5
7511,4,4
7512,0,0
7513,6,6
7514,3,3
7515,7,6
7516,5,5
7517,6,6
7518,2,2
7519,2,2
7520,10,10
7521,6,6
7522,4,2
7523,5,5
7524,5,4
7525,0,0
7526,8,8
7527,7,7
7528,7,3
7529,2,2
7530,2,2
7531,3,2
7532,8,7
7533,4,4
7534,4,4
7535,6,6
7536,8,7
7537,4,4
7538,2,0
7539,5,5
7540,7,6
7541,11,11
7542,4,4
7543,4,4
7544,5,5
7545,6,5
7546,4,3
7547,14,13
7548,5,5
7549,2,0
7550,3,3
7551,9,9
7552,7,6
7553,7,3
7554,5,5
7555,2,2
7556,5,4
7557,4,4
7558,3,3
7559,4,3
7560,11,8
7561,4,2
7562,3,2
7563,11,11
7564,5,5
7565,5,5
7566,3,3
7567,6,6
7568,8,8
7569,10,9
7570,7,7
7571,10,10
7572,3,3
7573,9,9
7574,6,6
7575,14,14
7576,2,1
7577,2,2
7578,4,4
7579,11,11
7580,4,4
7581,3,3
7582,6,6
7583,2,2
7584,10,10
7585,6,6
7586,11,9
7587,5,5
7588,8,8
7589,10,9
7590,6,3
7591,4,4
7592,6,6
7593,5,5
7594,3,2
7595,3,3
7596,16,15
7597,3,3
7598,2,2
7599,4,4
7600,5,4
7601,2,2
7602,5,5
7603,3,3
7604,5,5
7605,10,10
7606,7,7
7607,7,7
7608,6,6
7609,6,5
7610,0,0
7611,6,6
7612,8,8
7613,7,6
7614,5,2
7615,10,10
7616,5,4
7617,4,4
7618,2,2
7619,2,2
7620,4,4
7621,8,8
7622,9,9
7623,3,3
7624,5,5
7625,8,7
7626,5,4
7627,5,5
7628,8,8
7629,7,6
7630,1,1
7631,6,5
7632,6,6
7633,9,5
7634,9,8
7635,5,4
7636,3,3
7637,6,5
7638,3,3
7639,9,8
7640,7,7
7641,9,6
7642,2,2
7643,8,7
7644,2,2
7645,3,3
7646,6,5
7647,4,4
7648,3,3
7649,3,3
7650,6,5
7651,4,2
7652,9,6
7653,1,1
7654,3,3
7655,6,6
7656,7,6
7657,5,5
7658,3,3
7659,3,3
7660,12,12
7661,4,4
7662,7,6
7663,6,5
7664,2,2
7665,6,6
7666,4,4
7667,8,7
7668,5,5
7669,2,2
7670,0,0
7671,3,3
7672,10,10
7673,3,3
7674,3,3
7675,5,5
7676,0,0
7677,6,6
7678,8,7
7679,6,6
7680,7,6
7681,2,2
7682,7,7
7683,8,7
7684,5,1
7685,10,9
7686,7,7
7687,6,3
7688,6,6
7689,4,4
7690,6,4
7691,7,7
7692,3,2
7693,3,3
7694,5,5
7695,6,5
7696,4,3
7697,6,6
7698,8,8
7699,4,4
7700,7,4
7701,6,5
7702,8,8
7703,6,6
7704,8,8
7705,5,4
7706,21,20
7707,5,4
7708,5,5
7709,11,7
7710,4,4
7711,4,4
7712,4,4
7713,6,4
7714,5,5
7715,4,4
7716,12,11
7717,6,6
7718,11,10
7719,4,4
7720,8,6
7721,3,1
7722,6,6
7723,6,5
7724,8,7
7725,6,4
7726,2,2
7727,4,4
7728,9,8
7729,6,5
7730,7,4
7731,3,2
7732,5,5
7733,5,5
7734,8,8
7735,7,7
7736,14,14
7737,3,3
7738,6,6
7739,3,3
7740,16,16
7741,4,4
7742,4,3
7743,9,9
7744,1,1
7745,3,3
7746,2,2
7747,4,4
7748,13,13
7749,6,5
7750,6,6
7751,5,5
7752,4,4
7753,3,3
7754,4,4
7755,6,5
7756,4,4
7757,4,4
7758,4,3
7759,8,8
7760,6,6
7761,6,6
7762,3,3
7763,8,8
7764,2,2
7765,6,6
7766,11,10
7767,0,0
7768,4,4
7769,3,3
7770,6,4
7771,6,6
7772,8,8
7773,6,6
7774,7,6
7775,0,0
7776,4,2
7777,11,11
7778,5,4
7779,6,4
7780,5,4
7781,4,4
7782,8,7
7783,3,3
7784,3,3
7785,3,3
7786,3,3
7787,5,4
7788,10,8
7789,5,4
7790,8,6
7791,7,6
7792,4,4
7793,4,4
7794,3,3
7795,9,8
7796,5,5
7797,6,6
7798,10,10
7799,4,2
7800,1,1
7801,8,8
7802,4,4
7803,10,9
7804,6,6
7805,5,5
7806,16,16
7807,6,6
7808,13,13
7809,3,3
7810,6,5
7811,4,4
7812,4,1
7813,5,4
7814,14,14
7815,9,9
7816,6,5
7817,9,9
7818,8,8
7819,5,4
7820,5,5
7821,6,6
7822,6,4
7823,1,1
7824,6,6
7825,4,4
7826,5,5
7827,7,7
7828,3,3
7829,3,3
7830,8,5
7831,3,3
7832,6,4
7833,8,8
7834,6,6
7835,6,6
7836,4,4
7837,11,10
7838,8,7
7839,5,5
7840,8,4
7841,14,14
7842,4,4
7843,12,11
7844,8,8
7845,3,3
7846,4,4
7847,6,6
7848,4,4
7849,7,6
7850,5,5
7851,4,4
7852,11,10
7853,4,3
7854,6,6
7855,0,0
7856,7,6
7857,3,2
7858,4,3
7859,3,3
7860,8,8
7861,10,10
7862,5,3
7863,3,3
7864,7,6
7865,4,4
7866,2,2
7867,4,4
7868,9,8
7869,8,8
7870,0,0
7871,10,10
7872,5,5
7873,5,5
7874,8,5
7875,2,1
7876,2,2
7877,7,6
7878,1,1
7879,6,6
7880,1,1
7881,5,4
7882,6,6
7883,8,7
7884,1,1
7885,0,0
7886,2,2
7887,4,3
7888,13,13
7889,8,7
7890,5,5
7891,11,7
7892,22,21
7893,5,5
7894,2,2
7895,5,5
7896,40,39
7897,2,2
7898,4,4
7899,3,3
7900,2,2
7901,8,8
7902,7,7
7903,4,4
7904,5,5
7905,9,8
7906,5,3
7907,3,3
7908,7,6
7909,4,4
7910,9,8
7911,5,4
7912,5,3
7913,4,4
7914,8,8
7915,8,8
7916,6,6
7917,6,4
7918,5,5
7919,4,4
7920,4,4
7921,0,0
7922,2,2
7923,9,9
7924,14,13
7925,3,3
7926,9,9
7927,12,10
7928,6,6
7929,2,2
7930,7,6
7931,5,5
7932,2,0
7933,10,4
7934,7,6
7935,2,2
7936,2,2
7937,6,5
7938,9,8
7939,5,4
7940,8,8
7941,16,16
7942,4,4
7943,6,6
7944,3,3
7945,6,5
7946,3,3
7947,10,4
7948,4,4
7949,7,6
7950,6,6
7951,1,1
7952,2,2
7953,4,3
7954,0,0
7955,3,3
7956,4,4
7957,4,3
7958,1,1
7959,2,2
7960,5,4
7961,4,4
7962,4,4
